task_id,service_id,cpu_load_kcycles,data_size_mbit,num_microservices,release_time,source_node,deadline_ms
0,0,458.52,759.08,13,0,6,222.93
1,0,224.95,450.34,22,0,4,211.25
2,0,730.23,312.21,22,0,4,236.51
3,0,938.71,1115.49,14,0,0,246.94
4,0,42.84,328.78,16,2,2,202.14
5,1,542.74,486.14,4,4,0,227.14
6,1,412.49,259.32,5,2,5,220.62
7,1,142.05,336.38,24,4,1,207.1
8,1,764.53,96.37,11,4,0,238.23
9,1,246.97,294.67,1,1,0,212.35
10,2,766.32,857.73,14,2,6,238.32
11,2,449.54,965.91,16,5,2,222.48
12,2,477.26,889.19,1,5,4,223.86
13,2,545.15,454.63,16,8,2,227.26
14,2,847.46,602.85,14,7,5,242.37
15,3,238.91,297.34,12,6,7,211.95
16,3,921.19,492.58,2,5,4,246.06
17,3,871.1,10.0,1,9,1,243.56
18,3,1157.14,103.79,14,5,7,257.86
19,3,628.4,10.0,5,15,0,231.42
20,4,239.86,747.06,20,5,5,211.99
21,4,756.2,1215.44,19,21,5,237.81
22,4,642.15,23.48,24,13,4,232.11
23,4,361.24,55.0,15,14,7,218.06
24,4,543.76,10.0,3,11,2,227.19
25,5,10.0,161.06,3,14,0,200.5
26,5,242.85,71.64,15,19,0,212.14
27,5,461.72,636.64,13,14,3,223.09
28,5,733.11,918.23,6,12,0,236.66
29,5,828.9,365.84,7,21,1,241.44
30,6,157.11,643.11,10,17,7,207.86
31,6,10.0,687.09,14,14,7,200.5
32,6,761.57,1074.94,10,18,7,238.08
33,6,520.51,336.24,10,16,2,226.03
34,6,10.0,774.5,28,5,5,200.5
35,7,606.33,10.0,1,15,3,230.32
36,7,118.74,1455.61,14,20,4,205.94
37,7,467.84,305.51,24,18,1,223.39
38,7,759.73,19.88,14,14,5,237.99
39,7,555.16,731.16,7,20,4,227.76
40,8,1053.11,207.7,1,24,5,252.66
41,8,709.73,739.96,1,18,4,235.49
42,8,70.96,323.98,23,19,1,203.55
43,8,1456.11,533.67,11,24,7,272.81
44,8,518.27,758.87,8,23,3,225.91
45,9,568.1,391.62,11,28,0,228.4
46,9,313.19,416.75,12,29,1,215.66
47,9,491.47,10.0,6,26,2,224.57
48,9,674.39,248.12,12,19,7,233.72
49,9,983.25,711.18,17,18,7,249.16
50,10,439.34,412.93,14,29,0,221.97
51,10,689.86,10.0,18,25,4,234.49
52,10,756.19,391.58,8,27,4,237.81
53,10,560.57,178.11,5,27,4,228.03
54,10,688.5,495.1,14,16,4,234.43
55,11,597.36,1170.12,2,30,0,229.87
56,11,561.15,723.64,6,19,2,228.06
57,11,818.21,594.99,16,36,6,240.91
58,11,435.97,624.36,4,28,6,221.8
59,11,24.06,331.13,21,28,3,201.2
60,12,731.26,697.07,20,28,7,236.56
61,12,10.0,957.09,10,31,7,200.5
62,12,503.78,539.07,11,33,6,225.19
63,12,931.03,219.32,3,20,7,246.55
64,12,735.2,436.91,1,29,3,236.76
65,13,102.32,191.52,1,32,0,205.12
66,13,326.93,140.63,17,42,1,216.35
67,13,1005.41,10.0,13,43,5,250.27
68,13,415.33,618.19,9,32,2,220.77
69,13,291.76,543.94,1,19,4,214.59
70,14,514.09,319.97,10,34,2,225.7
71,14,238.37,231.59,14,22,6,211.92
72,14,1114.22,545.94,11,43,4,255.71
73,14,331.02,1515.7,22,35,5,216.55
74,14,705.82,923.37,2,35,6,235.29
75,15,608.05,1187.44,1,37,5,230.4
76,15,599.21,494.11,17,33,1,229.96
77,15,43.05,982.37,16,33,2,202.15
78,15,218.04,294.45,12,48,4,210.9
79,15,522.81,641.18,1,34,1,226.14
80,16,332.29,10.0,3,37,4,216.61
81,16,312.43,390.56,8,40,7,215.62
82,16,433.71,745.67,9,34,6,221.69
83,16,489.44,522.62,16,47,1,224.47
84,16,203.62,511.45,16,43,1,210.18
85,17,149.07,10.0,17,33,3,207.45
86,17,175.54,1174.86,4,49,6,208.78
87,17,968.84,722.26,17,45,3,248.44
88,17,299.48,1058.29,6,45,4,214.97
89,17,648.97,422.3,1,42,5,232.45
90,18,240.8,519.41,5,35,3,212.04
91,18,497.36,680.56,3,50,1,224.87
92,18,985.88,873.2,26,39,2,249.29
93,18,692.17,174.09,3,47,5,234.61
94,18,10.0,473.57,15,48,1,200.5
95,19,1120.11,10.0,1,48,7,256.01
96,19,728.08,942.53,5,50,6,236.4
97,19,436.04,563.81,16,57,1,221.8
98,19,318.8,534.64,12,50,7,215.94
99,19,659.58,778.54,8,56,4,232.98
100,20,810.48,10.0,14,60,7,240.52
101,20,1031.71,340.65,12,61,0,251.59
102,20,1002.93,630.77,10,48,7,250.15
103,20,572.6,10.0,8,50,2,228.63
104,20,379.89,703.75,3,53,3,218.99
105,21,791.02,788.31,19,43,1,239.55
106,21,600.1,915.02,13,43,4,230.0
107,21,194.41,1690.48,5,51,2,209.72
108,21,802.58,10.0,21,51,1,240.13
109,21,146.66,227.9,12,53,2,207.33
110,22,162.35,1478.3,12,69,3,208.12
111,22,861.49,768.97,11,53,2,243.07
112,22,530.03,463.91,11,64,0,226.5
113,22,129.52,60.26,16,50,6,206.48
114,22,371.94,95.16,8,58,1,218.6
115,23,33.28,10.0,1,70,2,201.66
116,23,455.29,497.34,1,56,0,222.76
117,23,284.51,862.36,1,52,0,214.23
118,23,168.04,1529.34,7,52,7,208.4
119,23,1176.95,270.57,10,57,2,258.85
120,24,10.0,10.0,21,61,0,200.5
121,24,329.68,411.39,1,67,2,216.48
122,24,1025.68,874.27,1,54,4,251.28
123,24,10.0,904.14,20,63,3,200.5
124,24,431.24,825.55,7,60,4,221.56
125,25,10.0,139.79,2,49,0,200.5
126,25,124.67,869.61,12,71,1,206.23
127,25,362.45,935.42,8,60,0,218.12
128,25,336.52,888.73,1,72,2,216.83
129,25,1010.43,535.08,9,69,0,250.52
130,26,444.8,507.37,11,56,2,222.24
131,26,536.19,1024.84,12,74,1,226.81
132,26,715.28,312.34,26,78,7,235.76
133,26,713.49,10.0,14,66,0,235.67
134,26,116.13,250.07,1,58,2,205.81
135,27,544.16,410.98,10,52,2,227.21
136,27,234.87,729.59,20,67,5,211.74
137,27,485.06,52.35,1,63,2,224.25
138,27,536.6,1524.03,5,65,4,226.83
139,27,119.59,10.0,9,67,7,205.98
140,28,379.89,699.9,1,75,1,218.99
141,28,407.66,236.44,14,78,0,220.38
142,28,99.4,652.08,11,79,5,204.97
143,28,511.92,504.54,14,85,2,225.6
144,28,540.15,678.66,16,71,6,227.01
145,29,906.99,10.0,8,76,7,245.35
146,29,407.25,588.85,6,69,3,220.36
147,29,900.16,627.13,6,74,4,245.01
148,29,584.91,10.0,16,75,2,229.25
149,29,492.72,277.91,14,76,0,224.64
150,30,936.02,1131.83,6,68,5,246.8
151,30,735.85,319.07,5,81,7,236.79
152,30,137.78,71.77,1,95,2,206.89
153,30,582.2,520.12,15,89,5,229.11
154,30,614.72,566.58,1,80,1,230.74
155,31,461.54,299.54,13,87,5,223.08
156,31,147.93,818.36,7,68,5,207.4
157,31,913.48,773.43,18,90,7,245.67
158,31,383.69,614.35,5,83,2,219.18
159,31,210.31,158.63,12,59,4,210.52
160,32,181.75,10.0,15,82,7,209.09
161,32,663.4,1306.76,3,92,7,233.17
162,32,832.61,828.19,14,86,6,241.63
163,32,221.52,737.75,14,81,1,211.08
164,32,249.93,224.18,7,91,4,212.5
165,33,265.37,253.99,13,67,0,213.27
166,33,723.88,758.19,1,91,5,236.19
167,33,486.07,368.03,27,94,6,224.3
168,33,622.55,425.45,11,90,1,231.13
169,33,291.37,483.37,6,68,5,214.57
170,34,613.16,1126.21,5,90,5,230.66
171,34,703.49,480.79,9,72,6,235.17
172,34,796.19,948.74,15,75,4,239.81
173,34,10.0,273.33,20,81,1,200.5
174,34,933.13,467.14,1,115,0,246.66
175,35,987.96,10.0,18,82,1,249.4
176,35,647.42,87.71,19,75,3,232.37
177,35,53.97,626.57,9,78,4,202.7
178,35,304.21,321.53,16,86,6,215.21
179,35,770.55,1009.87,1,105,2,238.53
180,36,379.01,1460.81,7,96,7,218.95
181,36,806.94,536.63,9,74,1,240.35
182,36,415.67,1219.07,1,100,6,220.78
183,36,605.57,553.11,15,79,0,230.28
184,36,607.38,657.31,24,101,2,230.37
185,37,1134.73,417.9,15,94,5,256.74
186,37,293.24,1194.39,26,76,6,214.66
187,37,410.51,1365.46,11,97,5,220.53
188,37,341.21,747.47,1,94,1,217.06
189,37,106.63,979.38,19,96,3,205.33
190,38,193.16,397.05,14,108,4,209.66
191,38,615.06,912.54,1,102,3,230.75
192,38,1100.52,457.84,1,94,2,255.03
193,38,233.54,10.0,24,93,4,211.68
194,38,618.74,697.61,4,87,5,230.94
195,39,10.0,651.43,12,79,5,200.5
196,39,818.72,10.0,8,101,2,240.94
197,39,237.81,10.0,11,111,0,211.89
198,39,603.95,481.23,6,91,5,230.2
199,39,322.61,10.0,13,104,4,216.13
200,40,82.4,164.65,15,89,4,204.12
201,40,651.14,10.0,14,109,7,232.56
202,40,571.64,396.38,18,94,6,228.58
203,40,128.8,751.7,8,91,0,206.44
204,40,502.79,555.74,5,115,6,225.14
205,41,10.0,617.2,13,103,5,200.5
206,41,188.03,745.11,18,134,7,209.4
207,41,362.47,262.47,1,131,0,218.12
208,41,1101.02,885.19,9,106,7,255.05
209,41,685.41,556.41,12,115,0,234.27
210,42,273.72,474.34,12,118,4,213.69
211,42,318.7,369.32,12,110,3,215.93
212,42,670.99,788.59,18,104,7,233.55
213,42,793.88,10.0,15,101,1,239.69
214,42,245.91,103.44,22,98,3,212.3
215,43,512.51,407.04,1,96,1,225.63
216,43,295.1,523.66,1,107,1,214.76
217,43,10.8,568.39,19,108,6,200.54
218,43,756.02,803.57,14,101,6,237.8
219,43,470.93,10.0,12,99,3,223.55
220,44,204.72,888.36,3,111,3,210.24
221,44,284.94,1123.47,5,111,3,214.25
222,44,99.79,259.45,10,113,3,204.99
223,44,253.21,439.86,12,122,4,212.66
224,44,541.76,982.46,13,127,0,227.09
225,45,182.18,691.02,13,108,7,209.11
226,45,292.13,212.64,1,124,1,214.61
227,45,676.0,772.4,17,101,4,233.8
228,45,279.53,358.36,14,97,6,213.98
229,45,289.9,242.8,13,119,4,214.49
230,46,1273.91,178.53,9,113,0,263.7
231,46,616.99,981.63,23,110,4,230.85
232,46,286.61,265.37,1,117,4,214.33
233,46,558.85,259.25,8,109,2,227.94
234,46,612.22,991.07,1,119,5,230.61
235,47,760.53,10.0,1,122,6,238.03
236,47,524.38,1133.39,2,113,3,226.22
237,47,10.0,300.28,7,128,5,200.5
238,47,618.0,576.82,28,105,5,230.9
239,47,412.76,336.87,7,114,1,220.64
240,48,712.43,160.76,10,118,6,235.62
241,48,634.7,287.8,1,123,3,231.74
242,48,470.33,867.63,10,135,7,223.52
243,48,673.44,291.04,7,116,2,233.67
244,48,893.92,520.21,1,134,5,244.7
245,49,773.71,10.0,11,109,5,238.69
246,49,106.45,73.95,10,119,1,205.32
247,49,25.62,514.44,7,104,7,201.28
248,49,306.04,10.0,1,107,4,215.3
249,49,514.72,407.72,12,120,4,225.74
250,50,947.22,559.47,8,111,5,247.36
251,50,269.07,275.82,7,132,3,213.45
252,50,773.73,699.81,1,124,3,238.69
253,50,1014.36,76.25,28,122,5,250.72
254,50,727.75,269.4,14,136,6,236.39
255,51,40.18,913.18,1,140,4,202.01
256,51,490.72,10.0,2,141,1,224.54
257,51,719.7,10.0,26,140,4,235.99
258,51,437.2,232.37,21,135,4,221.86
259,51,597.55,433.31,18,121,3,229.88
260,52,864.34,610.62,21,134,7,243.22
261,52,490.97,603.69,16,104,6,224.55
262,52,555.4,10.0,7,126,6,227.77
263,52,316.73,977.81,2,129,5,215.84
264,52,763.88,742.85,3,128,0,238.19
265,53,241.58,147.82,20,132,1,212.08
266,53,778.35,522.81,4,136,7,238.92
267,53,177.91,645.71,12,105,1,208.9
268,53,115.61,10.0,5,138,5,205.78
269,53,563.17,705.0,1,134,4,228.16
270,54,325.08,433.15,16,144,7,216.25
271,54,611.75,1139.65,12,123,7,230.59
272,54,509.09,462.25,12,144,6,225.45
273,54,141.17,484.1,9,131,4,207.06
274,54,1280.5,726.2,11,144,6,264.03
275,55,446.42,907.02,1,124,7,222.32
276,55,221.99,1015.19,16,127,7,211.1
277,55,629.94,974.82,6,145,0,231.5
278,55,504.41,186.04,8,168,2,225.22
279,55,690.27,690.11,15,138,1,234.51
280,56,10.0,735.62,3,143,4,200.5
281,56,375.14,27.69,12,137,4,218.76
282,56,555.37,1116.84,5,143,1,227.77
283,56,981.84,1124.98,26,146,7,249.09
284,56,305.22,879.13,18,143,3,215.26
285,57,608.34,268.37,15,133,0,230.42
286,57,689.24,90.33,22,148,2,234.46
287,57,755.03,850.29,24,170,3,237.75
288,57,147.66,288.89,1,145,4,207.38
289,57,324.98,10.0,16,143,4,216.25
290,58,10.0,488.99,1,143,5,200.5
291,58,417.73,100.27,24,167,4,220.89
292,58,232.26,642.01,2,137,5,211.61
293,58,848.07,404.28,8,138,3,242.4
294,58,765.21,794.74,1,171,3,238.26
295,59,662.74,1001.74,7,133,4,233.14
296,59,1224.44,532.0,1,143,1,261.22
297,59,317.8,1151.73,12,129,0,215.89
298,59,518.5,671.53,1,126,0,225.93
299,59,98.64,720.62,15,164,4,204.93
300,60,1103.0,1207.94,6,152,7,255.15
301,60,409.26,174.01,1,150,4,220.46
302,60,214.0,549.07,6,139,5,210.7
303,60,350.75,224.6,22,178,3,217.54
304,60,279.24,533.34,9,152,3,213.96
305,61,10.0,85.02,17,133,2,200.5
306,61,68.52,867.69,10,156,6,203.43
307,61,157.47,714.23,4,172,3,207.87
308,61,696.91,833.52,17,173,7,234.85
309,61,1263.1,573.12,6,163,4,263.16
310,62,179.74,509.69,26,160,5,208.99
311,62,616.97,191.05,21,136,3,230.85
312,62,678.93,608.39,3,157,3,233.95
313,62,101.62,933.27,12,147,3,205.08
314,62,348.57,836.25,2,138,3,217.43
315,63,574.76,668.59,14,145,6,228.74
316,63,873.16,458.79,1,141,1,243.66
317,63,223.06,701.53,19,136,2,211.15
318,63,1081.68,99.87,11,175,2,254.08
319,63,757.78,638.47,4,155,5,237.89
320,64,830.18,601.17,11,142,0,241.51
321,64,378.31,473.04,9,197,0,218.92
322,64,422.14,795.52,14,170,6,221.11
323,64,1159.86,712.81,14,160,4,257.99
324,64,527.56,10.0,2,166,2,226.38
325,65,696.68,1111.09,7,138,1,234.83
326,65,1013.18,458.22,17,175,2,250.66
327,65,755.71,226.19,8,166,7,237.79
328,65,849.05,606.06,12,167,6,242.45
329,65,163.87,456.02,15,158,5,208.19
330,66,894.47,1155.99,22,154,3,244.72
331,66,718.2,230.31,15,156,0,235.91
332,66,532.11,457.79,28,161,1,226.61
333,66,441.41,621.86,8,165,4,222.07
334,66,475.07,10.0,1,155,5,223.75
335,67,589.38,615.49,16,159,4,229.47
336,67,1319.26,650.94,13,164,0,265.96
337,67,539.64,1032.25,8,186,6,226.98
338,67,481.8,216.64,25,166,7,224.09
339,67,145.42,834.2,1,176,1,207.27
340,68,315.57,216.68,11,166,1,215.78
341,68,558.02,172.55,12,172,3,227.9
342,68,305.0,567.46,8,178,2,215.25
343,68,516.67,1518.73,13,155,6,225.83
344,68,690.98,523.34,13,156,5,234.55
345,69,10.0,1123.19,4,150,4,200.5
346,69,191.7,1006.28,11,179,5,209.58
347,69,411.21,933.44,3,150,5,220.56
348,69,930.03,711.23,7,171,7,246.5
349,69,476.52,361.76,13,175,3,223.83
350,70,435.52,376.79,1,159,3,221.78
351,70,882.09,300.69,16,179,7,244.1
352,70,881.75,1256.56,1,159,7,244.09
353,70,508.39,667.27,6,160,5,225.42
354,70,389.0,396.48,9,168,4,219.45
355,71,78.87,10.0,22,176,1,203.94
356,71,54.12,711.58,1,162,1,202.71
357,71,345.13,229.4,1,194,1,217.26
358,71,313.75,432.74,3,181,3,215.69
359,71,597.32,356.84,6,167,2,229.87
360,72,769.84,1284.28,12,167,3,238.49
361,72,636.52,804.31,19,202,2,231.83
362,72,640.31,934.31,12,163,3,232.02
363,72,548.41,342.08,10,180,5,227.42
364,72,148.22,494.61,9,199,1,207.41
365,73,1476.39,10.0,13,185,2,273.82
366,73,1441.32,922.42,1,198,3,272.07
367,73,468.0,1056.17,11,175,6,223.4
368,73,801.07,1433.3,8,208,7,240.05
369,73,523.7,931.82,11,190,3,226.19
370,74,758.72,881.25,4,177,0,237.94
371,74,862.78,10.0,14,160,7,243.14
372,74,854.74,733.8,15,190,0,242.74
373,74,212.05,890.02,13,194,2,210.6
374,74,407.61,10.0,3,163,1,220.38
375,75,459.07,10.0,11,171,7,222.95
376,75,270.97,849.17,2,213,2,213.55
377,75,517.87,363.24,4,204,5,225.89
378,75,583.21,1044.26,10,189,1,229.16
379,75,565.77,1015.71,1,195,1,228.29
380,76,667.83,594.63,16,191,6,233.39
381,76,291.36,1122.84,20,175,7,214.57
382,76,545.71,171.03,5,159,5,227.29
383,76,556.91,860.64,18,190,3,227.85
384,76,837.68,390.81,3,182,3,241.88
385,77,757.55,560.56,3,221,5,237.88
386,77,469.03,606.14,13,193,2,223.45
387,77,638.45,861.39,5,176,2,231.92
388,77,520.51,77.85,11,173,3,226.03
389,77,10.0,487.93,18,212,7,200.5
390,78,133.79,296.74,5,207,4,206.69
391,78,986.48,251.35,8,190,5,249.32
392,78,609.54,888.38,7,187,6,230.48
393,78,611.65,265.0,22,245,3,230.58
394,78,691.52,368.55,2,192,5,234.58
395,79,568.96,1091.95,14,176,4,228.45
396,79,159.86,412.79,1,194,5,207.99
397,79,774.21,120.62,1,217,1,238.71
398,79,834.3,786.15,1,200,2,241.71
399,79,271.06,554.3,15,195,4,213.55
400,80,277.33,10.0,17,195,2,213.87
401,80,677.31,1296.5,12,220,7,233.87
402,80,573.19,410.72,11,197,2,228.66
403,80,593.62,559.97,21,206,3,229.68
404,80,487.65,714.84,4,177,2,224.38
405,81,730.5,1079.14,10,224,2,236.53
406,81,573.95,699.29,1,198,2,228.7
407,81,872.96,140.47,19,205,5,243.65
408,81,453.25,515.14,1,193,4,222.66
409,81,532.31,664.71,14,231,5,226.62
410,82,960.03,10.0,1,222,5,248.0
411,82,585.78,172.4,7,205,2,229.29
412,82,599.55,330.49,10,210,5,229.98
413,82,660.54,803.76,1,200,2,233.03
414,82,505.74,243.41,13,206,6,225.29
415,83,427.73,10.0,13,219,3,221.39
416,83,437.76,751.45,14,195,1,221.89
417,83,916.29,526.44,1,198,4,245.81
418,83,425.89,356.66,26,205,2,221.29
419,83,1548.76,10.0,4,209,3,277.44
420,84,545.12,540.21,11,204,3,227.26
421,84,873.41,10.0,14,207,0,243.67
422,84,213.82,337.19,10,244,2,210.69
423,84,10.0,1175.52,15,204,4,200.5
424,84,412.83,1064.42,16,211,3,220.64
425,85,303.11,182.92,6,203,5,215.16
426,85,559.68,674.7,1,206,7,227.98
427,85,817.55,307.85,13,214,4,240.88
428,85,10.0,776.09,5,201,4,200.5
429,85,798.49,434.99,1,182,3,239.92
430,86,155.36,766.53,15,212,5,207.77
431,86,328.8,793.69,13,205,7,216.44
432,86,10.0,260.63,21,218,2,200.5
433,86,539.98,10.0,11,206,5,227.0
434,86,49.08,920.78,15,229,0,202.45
435,87,245.77,715.52,2,201,6,212.29
436,87,477.74,934.99,16,236,2,223.89
437,87,692.54,54.46,17,201,0,234.63
438,87,1002.35,497.76,13,214,7,250.12
439,87,738.24,411.9,15,200,0,236.91
440,88,636.44,809.65,9,235,0,231.82
441,88,10.0,1039.9,1,212,7,200.5
442,88,342.19,10.0,13,202,3,217.11
443,88,816.24,1097.43,18,213,0,240.81
444,88,731.63,944.63,4,189,5,236.58
445,89,131.94,326.14,25,219,4,206.6
446,89,960.12,285.68,4,231,1,248.01
447,89,349.08,10.0,1,234,6,217.45
448,89,351.57,382.29,22,214,0,217.58
449,89,491.81,393.1,5,226,0,224.59
450,90,810.57,10.0,17,220,1,240.53
451,90,1011.69,547.7,2,231,5,250.58
452,90,618.78,466.65,10,202,3,230.94
453,90,534.39,149.64,11,233,5,226.72
454,90,155.52,827.51,16,219,3,207.78
455,91,459.83,97.21,22,232,2,222.99
456,91,583.04,1165.73,8,236,0,229.15
457,91,686.37,434.85,15,230,1,234.32
458,91,399.78,725.84,18,205,6,219.99
459,91,605.1,619.14,1,245,2,230.26
460,92,473.97,1127.3,10,218,7,223.7
461,92,817.84,704.99,20,255,1,240.89
462,92,946.17,267.98,15,246,2,247.31
463,92,775.02,222.91,11,227,6,238.75
464,92,1013.58,425.98,11,258,0,250.68
465,93,756.02,344.47,5,258,1,237.8
466,93,935.98,10.0,8,242,3,246.8
467,93,153.91,545.45,15,247,6,207.7
468,93,10.0,223.85,6,234,6,200.5
469,93,793.68,97.39,10,262,4,239.68
470,94,602.02,728.25,16,213,3,230.1
471,94,468.76,811.9,17,238,4,223.44
472,94,359.96,232.77,18,261,3,218.0
473,94,84.15,1079.61,18,226,0,204.21
474,94,244.58,570.08,8,222,1,212.23
475,95,402.73,821.17,33,236,6,220.14
476,95,607.71,104.88,1,247,6,230.39
477,95,978.46,313.38,14,258,3,248.92
478,95,516.48,216.17,1,216,0,225.82
479,95,299.18,91.84,1,222,6,214.96
480,96,290.45,545.02,4,242,5,214.52
481,96,614.34,816.43,13,236,4,230.72
482,96,501.01,631.13,1,242,0,225.05
483,96,727.3,496.99,17,239,0,236.36
484,96,114.67,447.17,6,242,0,205.73
485,97,808.31,628.09,11,250,4,240.42
486,97,799.06,612.25,21,260,7,239.95
487,97,396.38,390.04,24,233,4,219.82
488,97,410.72,463.95,12,216,7,220.54
489,97,98.55,465.12,18,256,3,204.93
490,98,563.39,980.03,5,248,2,228.17
491,98,545.3,386.69,6,250,3,227.27
492,98,415.15,1015.76,24,253,3,220.76
493,98,271.06,599.57,17,223,3,213.55
494,98,936.75,781.8,13,262,0,246.84
495,99,259.71,1102.57,16,255,5,212.99
496,99,565.4,716.56,12,255,4,228.27
497,99,976.75,602.5,21,239,2,248.84
498,99,304.37,64.15,3,235,3,215.22
499,99,782.77,844.18,3,252,1,239.14
500,100,373.72,943.34,19,239,6,218.69
501,100,895.96,790.87,14,237,7,244.8
502,100,215.5,685.28,14,240,6,210.77
503,100,453.05,1023.33,1,265,0,222.65
504,100,480.08,366.95,6,255,1,224.0
505,101,393.35,1068.21,13,237,6,219.67
506,101,594.85,687.71,12,223,3,229.74
507,101,680.74,916.74,1,257,4,234.04
508,101,320.73,10.0,19,261,5,216.04
509,101,190.48,945.34,15,234,1,209.52
510,102,807.11,599.72,26,268,1,240.36
511,102,570.12,71.21,18,259,2,228.51
512,102,668.14,10.0,8,263,3,233.41
513,102,501.95,786.15,11,250,7,225.1
514,102,501.11,904.59,25,246,7,225.06
515,103,393.49,1011.33,20,242,1,219.67
516,103,642.11,709.23,17,268,5,232.11
517,103,676.88,606.76,20,265,4,233.84
518,103,154.7,654.53,11,263,7,207.73
519,103,988.44,802.37,8,229,0,249.42
520,104,578.38,632.78,17,245,6,228.92
521,104,196.09,1096.81,16,239,4,209.8
522,104,746.1,486.55,12,280,3,237.31
523,104,253.96,10.0,13,257,1,212.7
524,104,446.69,236.16,4,261,1,222.33
525,105,466.52,191.59,4,244,3,223.33
526,105,305.07,18.72,16,249,6,215.25
527,105,75.51,10.0,1,246,1,203.78
528,105,385.93,10.0,17,267,4,219.3
529,105,953.6,453.64,8,255,3,247.68
530,106,10.0,467.76,9,256,1,200.5
531,106,240.81,10.0,3,249,1,212.04
532,106,704.51,334.35,19,268,0,235.23
533,106,504.96,359.18,16,265,3,225.25
534,106,481.4,880.58,19,263,3,224.07
535,107,630.16,10.0,7,293,0,231.51
536,107,123.47,359.52,12,275,6,206.17
537,107,528.59,568.21,31,258,7,226.43
538,107,248.82,256.85,5,286,4,212.44
539,107,968.28,1314.01,5,263,7,248.41
540,108,858.54,546.47,5,289,5,242.93
541,108,540.62,10.0,3,271,3,227.03
542,108,868.69,245.08,14,269,0,243.43
543,108,200.07,186.59,13,277,6,210.0
544,108,767.0,1136.41,9,253,1,238.35
545,109,1066.2,547.8,8,304,5,253.31
546,109,614.9,556.5,6,278,1,230.74
547,109,370.13,625.78,1,280,0,218.51
548,109,434.4,10.0,19,250,7,221.72
549,109,567.45,694.19,7,280,2,228.37
550,110,607.54,207.62,5,284,6,230.38
551,110,440.41,753.19,16,266,2,222.02
552,110,541.35,218.91,22,284,3,227.07
553,110,1009.85,931.2,1,260,5,250.49
554,110,786.59,850.42,2,269,2,239.33
555,111,505.75,591.88,21,275,2,225.29
556,111,589.52,477.92,1,278,5,229.48
557,111,105.92,841.52,13,261,2,205.3
558,111,1024.21,872.88,2,304,6,251.21
559,111,311.48,371.33,8,277,2,215.57
560,112,10.0,591.73,3,269,1,200.5
561,112,624.52,242.38,23,287,1,231.23
562,112,531.73,1005.48,17,289,3,226.59
563,112,520.04,930.77,3,291,1,226.0
564,112,651.91,570.89,13,280,4,232.6
565,113,72.62,677.11,2,307,7,203.63
566,113,436.34,119.23,10,265,6,221.82
567,113,29.8,651.34,10,280,6,201.49
568,113,635.2,327.71,9,247,6,231.76
569,113,177.05,588.51,8,294,6,208.85
570,114,897.74,10.0,9,301,1,244.89
571,114,584.84,383.72,1,278,2,229.24
572,114,109.6,693.78,5,280,4,205.48
573,114,340.01,590.28,13,283,6,217.0
574,114,302.53,681.4,1,298,7,215.13
575,115,522.78,10.0,2,302,2,226.14
576,115,310.91,10.0,8,307,4,215.55
577,115,773.75,443.48,19,334,3,238.69
578,115,242.97,277.78,23,284,2,212.15
579,115,368.52,284.74,11,290,2,218.43
580,116,27.09,641.42,10,297,2,201.35
581,116,418.45,260.07,7,285,5,220.92
582,116,425.44,980.21,11,288,6,221.27
583,116,10.0,508.2,11,278,0,200.5
584,116,10.0,409.74,15,280,0,200.5
585,117,180.34,977.27,9,278,7,209.02
586,117,675.06,448.19,18,308,2,233.75
587,117,446.53,10.0,14,290,0,222.33
588,117,154.44,213.99,13,296,3,207.72
589,117,556.04,77.96,1,292,1,227.8
590,118,273.26,919.48,8,276,2,213.66
591,118,176.44,142.03,23,284,0,208.82
592,118,468.13,533.39,5,291,1,223.41
593,118,170.28,175.17,5,307,3,208.51
594,118,632.9,880.62,10,285,6,231.65
595,119,79.72,524.18,1,270,2,203.99
596,119,696.51,754.26,5,330,3,234.83
597,119,542.54,298.43,5,287,5,227.13
598,119,387.55,84.58,1,300,1,219.38
599,119,299.3,117.0,1,327,0,214.96
600,120,96.32,1179.24,3,264,4,204.82
601,120,823.73,268.44,3,293,6,241.19
602,120,274.27,10.0,1,310,0,213.71
603,120,213.79,544.1,5,303,3,210.69
604,120,438.11,742.09,6,306,2,221.91
605,121,10.0,10.0,18,308,7,200.5
606,121,631.19,574.07,7,321,3,231.56
607,121,666.68,1471.71,13,290,2,233.33
608,121,282.73,734.53,15,278,7,214.14
609,121,705.1,477.82,6,295,5,235.26
610,122,203.64,161.26,12,304,7,210.18
611,122,858.57,691.28,19,325,1,242.93
612,122,10.0,281.66,21,310,7,200.5
613,122,715.04,10.0,3,326,1,235.75
614,122,731.58,676.52,8,296,7,236.58
615,123,762.1,301.09,4,313,6,238.1
616,123,158.69,985.04,15,299,5,207.93
617,123,474.98,10.0,23,299,6,223.75
618,123,716.34,133.49,17,296,6,235.82
619,123,899.66,590.64,20,304,4,244.98
620,124,321.47,386.85,1,283,6,216.07
621,124,480.35,631.14,5,282,3,224.02
622,124,601.41,17.19,20,306,5,230.07
623,124,997.46,814.52,1,304,4,249.87
624,124,710.86,914.29,23,335,5,235.54
625,125,535.37,431.46,16,322,3,226.77
626,125,195.57,355.41,26,287,2,209.78
627,125,776.42,198.43,13,321,2,238.82
628,125,1183.52,762.95,19,332,2,259.18
629,125,297.82,10.0,1,319,3,214.89
630,126,672.22,1059.84,22,313,1,233.61
631,126,290.2,964.98,1,352,4,214.51
632,126,453.33,806.48,7,307,2,222.67
633,126,560.94,698.71,18,306,0,228.05
634,126,397.73,671.33,5,311,2,219.89
635,127,499.66,211.17,10,291,3,224.98
636,127,428.19,414.67,2,312,7,221.41
637,127,10.0,125.93,17,316,6,200.5
638,127,539.32,469.02,13,324,5,226.97
639,127,379.4,792.14,1,299,3,218.97
640,128,702.93,532.32,3,325,2,235.15
641,128,401.17,294.34,4,309,2,220.06
642,128,541.72,10.0,16,299,2,227.09
643,128,912.21,10.0,3,323,7,245.61
644,128,595.14,481.66,19,329,1,229.76
645,129,210.43,255.49,3,332,1,210.52
646,129,10.0,772.83,13,332,4,200.5
647,129,658.56,1012.56,11,315,3,232.93
648,129,753.28,430.02,5,332,5,237.66
649,129,433.85,394.15,1,322,1,221.69
650,130,476.83,670.34,5,329,4,223.84
651,130,482.87,793.46,13,323,2,224.14
652,130,673.04,10.0,10,333,4,233.65
653,130,630.24,670.85,14,343,2,231.51
654,130,157.7,455.4,15,307,3,207.88
655,131,666.48,10.0,3,321,4,233.32
656,131,398.39,420.89,1,328,4,219.92
657,131,816.66,1600.29,11,315,6,240.83
658,131,98.98,335.27,11,318,3,204.95
659,131,735.5,946.51,11,309,5,236.77
660,132,539.31,366.49,12,333,3,226.97
661,132,844.26,208.59,1,326,3,242.21
662,132,345.43,1112.08,1,321,4,217.27
663,132,121.57,702.94,15,336,6,206.08
664,132,106.35,701.09,2,352,0,205.32
665,133,909.75,797.96,7,338,2,245.49
666,133,236.97,1184.82,19,353,4,211.85
667,133,591.84,813.72,1,331,5,229.59
668,133,501.86,659.38,11,328,3,225.09
669,133,652.57,1152.23,3,331,0,232.63
670,134,147.84,420.82,5,331,2,207.39
671,134,126.34,208.02,26,344,2,206.32
672,134,601.61,981.87,1,339,0,230.08
673,134,336.47,1109.19,5,319,4,216.82
674,134,489.25,287.42,1,342,0,224.46
675,135,256.83,10.0,1,367,5,212.84
676,135,391.97,143.51,10,345,4,219.6
677,135,391.17,279.38,9,346,0,219.56
678,135,822.3,589.74,11,357,7,241.11
679,135,190.79,155.25,17,330,7,209.54
680,136,275.24,709.02,4,345,7,213.76
681,136,383.39,659.76,1,353,0,219.17
682,136,224.56,995.83,4,350,3,211.23
683,136,240.58,15.97,6,344,4,212.03
684,136,726.22,691.87,25,330,7,236.31
685,137,382.56,436.27,11,319,4,219.13
686,137,500.2,812.85,26,358,7,225.01
687,137,553.31,754.94,3,361,4,227.67
688,137,289.84,804.05,18,320,4,214.49
689,137,1077.86,80.87,18,357,2,253.89
690,138,215.63,166.27,25,340,6,210.78
691,138,645.28,713.5,16,336,5,232.26
692,138,152.91,490.79,1,319,3,207.65
693,138,392.15,1501.52,4,349,6,219.61
694,138,665.24,677.91,13,387,0,233.26
695,139,545.91,338.72,3,332,5,227.3
696,139,315.44,448.44,17,357,7,215.77
697,139,382.24,776.85,12,365,4,219.11
698,139,761.69,42.79,18,374,7,238.08
699,139,481.53,483.12,16,331,1,224.08
700,140,563.48,536.44,1,356,4,228.17
701,140,454.86,767.06,24,349,4,222.74
702,140,405.47,271.3,16,346,6,220.27
703,140,438.85,267.08,12,375,6,221.94
704,140,281.1,90.97,17,344,1,214.06
705,141,457.5,10.0,7,298,0,222.87
706,141,468.1,898.23,8,348,4,223.4
707,141,629.44,851.28,23,330,6,231.47
708,141,995.37,858.64,10,387,0,249.77
709,141,260.92,1559.26,1,378,2,213.05
710,142,656.38,628.67,4,351,3,232.82
711,142,474.81,479.72,11,369,1,223.74
712,142,363.86,270.43,9,353,1,218.19
713,142,593.44,672.14,18,366,1,229.67
714,142,493.32,628.83,12,372,0,224.67
715,143,427.93,866.42,9,381,1,221.4
716,143,344.86,289.84,1,378,0,217.24
717,143,98.25,563.9,18,355,3,204.91
718,143,131.47,10.0,1,321,0,206.57
719,143,837.71,20.35,9,372,0,241.89
720,144,359.65,178.11,13,406,4,217.98
721,144,445.1,59.08,10,360,3,222.26
722,144,563.63,102.66,8,354,5,228.18
723,144,1140.96,10.0,1,373,0,257.05
724,144,504.89,816.15,21,340,5,225.24
725,145,309.96,765.76,20,345,2,215.5
726,145,462.88,340.93,6,405,6,223.14
727,145,509.59,1016.93,1,370,4,225.48
728,145,57.18,347.84,19,391,1,202.86
729,145,1067.0,772.85,7,399,1,253.35
730,146,613.93,112.78,19,346,1,230.7
731,146,716.46,542.93,7,370,5,235.82
732,146,660.09,1064.09,6,346,6,233.0
733,146,105.45,347.96,8,362,1,205.27
734,146,454.61,10.0,7,361,7,222.73
735,147,564.44,10.0,14,351,7,228.22
736,147,486.36,689.17,1,350,4,224.32
737,147,10.0,321.06,8,336,1,200.5
738,147,56.92,204.25,1,413,7,202.85
739,147,313.2,544.15,19,359,3,215.66
740,148,250.19,442.75,15,361,1,212.51
741,148,369.57,684.99,16,403,3,218.48
742,148,674.77,180.02,15,394,3,233.74
743,148,637.09,1025.16,1,362,7,231.85
744,148,828.11,450.23,7,382,4,241.41
745,149,1177.65,228.68,5,371,5,258.88
746,149,565.56,903.79,1,372,3,228.28
747,149,10.0,784.61,3,380,0,200.5
748,149,784.86,94.48,10,371,3,239.24
749,149,311.5,459.88,16,365,7,215.57
750,150,551.68,768.61,1,389,3,227.58
751,150,10.0,204.27,22,414,4,200.5
752,150,335.12,10.0,18,374,5,216.76
753,150,637.29,347.37,22,344,4,231.86
754,150,116.29,706.12,7,379,4,205.81
755,151,546.59,10.0,3,392,5,227.33
756,151,764.09,735.46,13,379,0,238.2
757,151,674.03,717.38,9,377,1,233.7
758,151,169.32,639.02,6,392,0,208.47
759,151,249.71,733.38,10,370,0,212.49
760,152,1250.49,10.0,8,381,3,262.52
761,152,750.87,204.39,12,374,7,237.54
762,152,358.62,10.0,1,418,6,217.93
763,152,802.67,119.03,16,403,5,240.13
764,152,430.31,511.7,14,396,1,221.52
765,153,144.87,1002.67,7,362,6,207.24
766,153,311.03,304.69,1,364,3,215.55
767,153,549.38,483.31,15,382,0,227.47
768,153,436.23,291.65,19,388,5,221.81
769,153,863.5,10.0,1,412,6,243.18
770,154,740.64,844.89,22,382,6,237.03
771,154,275.79,287.45,1,355,0,213.79
772,154,490.88,870.75,16,371,1,224.54
773,154,213.5,514.7,27,401,4,210.68
774,154,554.38,684.11,4,391,7,227.72
775,155,732.24,752.38,11,365,2,236.61
776,155,742.73,341.54,12,404,6,237.14
777,155,186.76,651.84,3,381,3,209.34
778,155,533.94,354.75,6,371,7,226.7
779,155,619.53,674.89,1,379,1,230.98
780,156,519.61,531.9,10,422,7,225.98
781,156,430.45,10.0,3,390,2,221.52
782,156,566.47,993.9,9,372,5,228.32
783,156,241.09,10.0,1,376,5,212.05
784,156,352.06,921.94,19,374,0,217.6
785,157,410.71,1528.43,8,367,3,220.54
786,157,10.0,318.08,8,387,2,200.5
787,157,1038.9,818.79,1,412,2,251.94
788,157,10.0,387.28,11,386,2,200.5
789,157,847.77,518.83,10,393,0,242.39
790,158,593.5,10.0,13,388,5,229.67
791,158,737.31,664.56,1,367,3,236.87
792,158,595.64,589.24,8,397,1,229.78
793,158,632.82,898.54,20,403,3,231.64
794,158,286.41,10.0,17,375,1,214.32
795,159,10.0,299.31,8,354,1,200.5
796,159,794.7,460.87,2,404,6,239.73
797,159,654.52,10.0,1,370,5,232.73
798,159,10.0,10.0,20,427,1,200.5
799,159,703.65,492.32,6,355,0,235.18
800,160,681.38,229.67,1,404,2,234.07
801,160,252.59,1033.4,1,361,3,212.63
802,160,338.59,819.14,7,433,1,216.93
803,160,553.6,674.03,1,405,2,227.68
804,160,507.43,364.31,7,413,6,225.37
805,161,634.24,376.84,1,371,0,231.71
806,161,853.55,10.0,9,405,1,242.68
807,161,579.56,241.47,14,378,2,228.98
808,161,160.73,159.53,6,422,4,208.04
809,161,932.6,526.96,1,395,4,246.63
810,162,37.06,565.72,10,402,2,201.85
811,162,791.63,1021.37,27,432,7,239.58
812,162,686.58,197.15,23,404,2,234.33
813,162,305.34,650.76,8,412,5,215.27
814,162,412.47,476.07,16,396,5,220.62
815,163,327.52,359.02,13,391,6,216.38
816,163,133.68,461.15,1,397,5,206.68
817,163,525.54,1137.98,1,426,3,226.28
818,163,791.93,188.36,19,419,5,239.6
819,163,981.96,140.97,11,430,7,249.1
820,164,397.65,273.4,6,417,3,219.88
821,164,576.75,304.98,1,396,7,228.84
822,164,711.03,10.0,2,430,7,235.55
823,164,233.8,1043.96,1,397,4,211.69
824,164,531.7,1057.85,10,401,0,226.58
825,165,314.57,290.78,1,438,2,215.73
826,165,770.16,1179.77,5,396,3,238.51
827,165,10.0,1219.85,6,407,7,200.5
828,165,10.0,844.29,8,443,1,200.5
829,165,364.65,1198.95,1,402,6,218.23
830,166,514.25,400.37,1,389,2,225.71
831,166,348.99,154.16,1,423,7,217.45
832,166,585.34,914.05,6,420,5,229.27
833,166,316.38,802.61,13,438,4,215.82
834,166,336.19,63.15,1,429,0,216.81
835,167,557.45,142.59,11,417,4,227.87
836,167,475.79,855.51,2,440,2,223.79
837,167,798.71,10.0,12,400,6,239.94
838,167,70.2,558.33,4,442,6,203.51
839,167,714.72,547.79,14,445,6,235.74
840,168,450.63,805.33,12,380,1,222.53
841,168,511.8,919.62,14,423,0,225.59
842,168,754.06,453.91,8,443,7,237.7
843,168,580.69,597.59,6,419,6,229.03
844,168,812.27,201.18,1,421,4,240.61
845,169,750.75,918.12,10,411,4,237.54
846,169,246.7,540.99,12,450,7,212.34
847,169,498.61,648.32,6,450,1,224.93
848,169,46.11,624.34,6,404,2,202.31
849,169,430.15,525.69,1,438,5,221.51
850,170,271.59,148.69,1,441,7,213.58
851,170,427.71,614.72,10,420,0,221.39
852,170,322.0,284.62,10,417,7,216.1
853,170,481.29,696.37,17,411,7,224.06
854,170,848.85,267.99,16,400,0,242.44
855,171,688.31,1043.56,1,391,0,234.42
856,171,872.97,782.87,24,451,4,243.65
857,171,694.1,498.41,17,416,2,234.71
858,171,585.74,161.94,1,412,1,229.29
859,171,397.6,495.38,14,465,3,219.88
860,172,702.65,688.74,1,436,2,235.13
861,172,10.0,383.39,2,459,7,200.5
862,172,579.69,763.11,15,442,7,228.98
863,172,750.35,10.0,9,432,4,237.52
864,172,662.49,1038.66,1,434,7,233.12
865,173,626.86,10.0,1,407,0,231.34
866,173,236.46,796.98,14,403,4,211.82
867,173,435.85,1025.11,4,433,3,221.79
868,173,267.97,552.87,18,449,3,213.4
869,173,388.25,744.89,9,425,1,219.41
870,174,409.86,97.76,9,457,5,220.49
871,174,745.64,563.18,12,413,0,237.28
872,174,246.98,588.89,4,471,3,212.35
873,174,347.86,427.93,10,451,1,217.39
874,174,324.66,200.26,16,445,4,216.23
875,175,621.3,135.08,8,452,7,231.07
876,175,496.5,1210.43,19,453,0,224.83
877,175,500.07,1160.58,6,411,2,225.0
878,175,547.43,388.98,9,459,1,227.37
879,175,677.53,845.35,20,423,1,233.88
880,176,299.06,149.71,4,440,0,214.95
881,176,684.24,152.32,19,451,7,234.21
882,176,407.11,958.41,10,455,2,220.36
883,176,153.47,332.04,1,432,4,207.67
884,176,860.23,740.05,7,452,2,243.01
885,177,413.68,552.11,6,477,0,220.68
886,177,10.0,825.59,1,463,7,200.5
887,177,974.16,771.38,11,451,5,248.71
888,177,448.18,646.84,12,446,5,222.41
889,177,469.44,873.5,8,442,6,223.47
890,178,358.61,787.37,5,458,5,217.93
891,178,402.95,467.65,8,471,7,220.15
892,178,560.88,10.0,2,460,2,228.04
893,178,506.51,121.45,15,428,2,225.33
894,178,699.61,181.55,1,442,2,234.98
895,179,260.0,391.91,2,460,7,213.0
896,179,581.25,673.39,7,455,2,229.06
897,179,736.64,605.23,5,456,0,236.83
898,179,461.4,1062.77,14,448,6,223.07
899,179,176.21,1015.19,6,430,1,208.81
900,180,333.47,314.7,14,499,0,216.67
901,180,614.41,459.65,16,436,2,230.72
902,180,533.54,902.86,15,448,5,226.68
903,180,256.14,645.31,14,469,0,212.81
904,180,211.43,553.88,13,459,2,210.57
905,181,877.8,774.5,9,458,0,243.89
906,181,648.74,500.65,14,450,7,232.44
907,181,1117.58,601.59,13,475,4,255.88
908,181,388.93,656.71,14,422,2,219.45
909,181,586.95,737.37,4,421,7,229.35
910,182,615.26,102.23,15,451,1,230.76
911,182,846.3,438.9,11,460,4,242.32
912,182,721.25,520.15,10,449,6,236.06
913,182,824.96,274.42,15,446,7,241.25
914,182,206.45,1602.09,1,440,4,210.32
915,183,1275.14,999.52,7,426,4,263.76
916,183,384.29,479.25,1,461,3,219.21
917,183,810.6,15.84,8,448,7,240.53
918,183,21.23,204.39,7,472,2,201.06
919,183,10.0,463.13,15,496,4,200.5
920,184,624.45,363.37,7,474,6,231.22
921,184,206.55,132.75,16,462,1,210.33
922,184,572.37,533.8,9,446,3,228.62
923,184,337.46,478.22,16,476,5,216.87
924,184,946.94,175.8,10,448,6,247.35
925,185,439.98,599.75,6,451,3,222.0
926,185,457.51,966.55,15,461,2,222.88
927,185,337.49,636.35,14,480,5,216.87
928,185,429.21,544.11,28,466,5,221.46
929,185,1106.11,524.04,14,444,6,255.31
930,186,457.54,309.68,11,448,3,222.88
931,186,475.97,218.75,3,445,4,223.8
932,186,545.27,517.84,5,468,3,227.26
933,186,10.0,814.24,20,481,7,200.5
934,186,790.35,897.51,4,479,0,239.52
935,187,536.31,698.63,20,469,3,226.82
936,187,10.0,497.96,1,439,2,200.5
937,187,545.46,10.0,4,472,4,227.27
938,187,778.47,301.39,15,437,1,238.92
939,187,514.62,10.0,1,469,3,225.73
940,188,160.69,668.39,6,479,6,208.03
941,188,165.0,760.37,18,452,0,208.25
942,188,924.26,678.96,14,485,2,246.21
943,188,403.13,737.8,5,460,3,220.16
944,188,768.4,887.82,27,453,5,238.42
945,189,86.07,535.11,13,470,3,204.3
946,189,79.98,734.9,17,431,1,204.0
947,189,919.56,1138.74,8,499,4,245.98
948,189,609.61,133.14,22,478,5,230.48
949,189,244.24,529.15,15,462,1,212.21
950,190,592.71,237.72,9,490,2,229.64
951,190,181.05,665.85,8,480,3,209.05
952,190,10.0,295.72,13,477,7,200.5
953,190,166.83,10.0,19,455,1,208.34
954,190,520.81,577.04,8,480,5,226.04
955,191,1076.58,237.17,29,465,1,253.83
956,191,1034.74,10.0,12,494,7,251.74
957,191,604.77,591.58,10,489,3,230.24
958,191,646.33,206.31,18,485,2,232.32
959,191,624.58,288.55,8,476,0,231.23
960,192,481.22,310.33,15,478,4,224.06
961,192,90.99,790.35,11,501,7,204.55
962,192,504.35,10.0,20,461,4,225.22
963,192,681.04,543.91,20,434,4,234.05
964,192,508.96,397.12,6,490,4,225.45
965,193,722.66,291.6,1,478,3,236.13
966,193,821.32,10.0,16,479,0,241.07
967,193,922.76,592.8,9,489,7,246.14
968,193,722.16,551.78,7,529,3,236.11
969,193,328.59,283.01,1,455,7,216.43
970,194,438.54,512.56,15,439,5,221.93
971,194,588.04,297.44,22,478,5,229.4
972,194,695.38,1117.48,22,490,0,234.77
973,194,809.18,901.22,10,470,5,240.46
974,194,1197.4,493.2,17,444,1,259.87
975,195,499.72,291.43,14,494,4,224.99
976,195,469.2,10.0,6,500,1,223.46
977,195,1068.81,450.34,3,515,5,253.44
978,195,650.51,599.33,18,503,4,232.53
979,195,718.31,1386.12,10,506,2,235.92
980,196,399.77,758.02,28,482,0,219.99
981,196,417.31,443.36,9,504,0,220.87
982,196,479.11,775.67,7,470,1,223.96
983,196,116.94,879.4,4,495,2,205.85
984,196,541.37,708.2,7,513,7,227.07
985,197,904.52,784.81,13,472,1,245.23
986,197,302.29,270.36,4,484,1,215.11
987,197,374.0,383.17,14,482,0,218.7
988,197,147.0,459.15,16,501,0,207.35
989,197,10.0,778.7,17,496,0,200.5
990,198,1375.45,426.34,11,484,3,268.77
991,198,191.44,149.8,1,499,3,209.57
992,198,333.89,40.46,2,487,4,216.69
993,198,114.95,1004.19,12,513,0,205.75
994,198,366.1,419.74,11,489,0,218.31
995,199,693.73,601.49,12,527,5,234.69
996,199,10.0,408.79,3,485,6,200.5
997,199,10.0,348.62,21,534,3,200.5
998,199,731.23,1452.69,11,490,0,236.56
999,199,10.0,429.27,16,519,2,200.5
1000,200,743.26,162.27,3,492,2,237.16
1001,200,572.67,10.0,15,510,0,228.63
1002,200,624.75,740.09,6,504,2,231.24
1003,200,561.14,1025.17,17,460,6,228.06
1004,200,550.34,1132.59,3,523,2,227.52
1005,201,498.38,142.55,7,486,5,224.92
1006,201,627.17,113.69,16,485,1,231.36
1007,201,630.57,1168.82,5,494,4,231.53
1008,201,586.66,193.98,13,521,5,229.33
1009,201,764.14,10.0,19,534,3,238.21
1010,202,717.24,1016.3,1,515,2,235.86
1011,202,503.97,349.77,30,507,1,225.2
1012,202,10.0,770.88,14,528,7,200.5
1013,202,238.45,1042.57,1,514,0,211.92
1014,202,637.01,10.0,22,504,0,231.85
1015,203,230.56,172.56,2,488,0,211.53
1016,203,205.86,613.62,16,502,5,210.29
1017,203,440.72,10.0,12,514,6,222.04
1018,203,870.12,177.96,7,498,0,243.51
1019,203,475.03,959.84,11,504,4,223.75
1020,204,527.95,570.07,15,538,0,226.4
1021,204,448.47,897.22,2,526,7,222.42
1022,204,423.52,602.47,5,496,5,221.18
1023,204,1167.21,1155.06,19,513,7,258.36
1024,204,400.89,634.62,4,487,7,220.04
1025,205,739.94,10.0,17,484,4,237.0
1026,205,510.21,745.51,1,558,7,225.51
1027,205,10.0,1072.77,13,502,4,200.5
1028,205,10.0,248.61,7,516,2,200.5
1029,205,66.89,1047.87,7,517,0,203.34
1030,206,976.68,10.0,6,534,0,248.83
1031,206,815.45,727.75,1,516,3,240.77
1032,206,1056.02,678.48,8,581,1,252.8
1033,206,508.54,215.28,10,502,6,225.43
1034,206,506.96,1040.41,16,555,1,225.35
1035,207,529.76,1173.22,1,506,6,226.49
1036,207,162.6,936.84,27,502,7,208.13
1037,207,116.25,257.65,1,548,1,205.81
1038,207,593.45,24.89,1,524,2,229.67
1039,207,985.43,298.49,6,508,2,249.27
1040,208,414.88,734.72,1,504,0,220.74
1041,208,520.03,181.82,4,548,5,226.0
1042,208,146.27,513.56,5,518,1,207.31
1043,208,650.58,762.76,1,520,7,232.53
1044,208,373.52,10.0,1,472,0,218.68
1045,209,351.42,985.77,16,558,7,217.57
1046,209,310.03,159.75,5,515,7,215.5
1047,209,447.19,578.62,5,551,2,222.36
1048,209,355.32,1035.21,9,533,4,217.77
1049,209,129.41,516.79,18,475,4,206.47
1050,210,275.57,10.0,18,548,4,213.78
1051,210,694.78,357.57,9,498,6,234.74
1052,210,112.84,747.88,1,538,2,205.64
1053,210,10.0,539.78,1,556,6,200.5
1054,210,806.49,348.5,6,505,5,240.32
1055,211,794.12,659.88,26,513,5,239.71
1056,211,685.62,794.14,14,553,6,234.28
1057,211,348.28,970.68,10,556,0,217.41
1058,211,457.47,554.23,8,540,0,222.87
1059,211,335.86,766.32,15,540,4,216.79
1060,212,867.18,745.65,4,509,1,243.36
1061,212,609.28,44.76,1,545,7,230.46
1062,212,467.0,1016.82,8,534,6,223.35
1063,212,629.61,809.28,4,525,3,231.48
1064,212,535.6,676.21,9,517,0,226.78
1065,213,832.06,444.22,2,506,0,241.6
1066,213,898.42,110.89,6,577,3,244.92
1067,213,691.85,746.9,13,504,4,234.59
1068,213,514.66,10.0,16,502,5,225.73
1069,213,10.0,993.68,1,532,6,200.5
1070,214,707.49,609.25,18,508,0,235.37
1071,214,447.6,510.12,2,518,4,222.38
1072,214,429.89,10.0,27,498,3,221.49
1073,214,411.26,1135.22,17,479,4,220.56
1074,214,417.0,545.36,13,520,1,220.85
1075,215,606.0,1326.95,13,516,2,230.3
1076,215,84.67,573.52,10,543,4,204.23
1077,215,950.51,482.82,6,544,0,247.53
1078,215,402.2,656.15,8,524,5,220.11
1079,215,975.06,565.14,8,556,2,248.75
1080,216,358.98,581.87,12,555,5,217.95
1081,216,254.47,504.38,9,527,3,212.72
1082,216,332.14,10.0,16,528,1,216.61
1083,216,10.0,491.84,20,549,2,200.5
1084,216,411.35,457.39,1,575,2,220.57
1085,217,270.94,390.09,1,540,4,213.55
1086,217,69.12,777.57,6,549,0,203.46
1087,217,599.9,421.2,15,510,0,229.99
1088,217,359.98,66.3,13,595,1,218.0
1089,217,426.57,696.67,10,544,2,221.33
1090,218,350.7,10.0,20,528,5,217.53
1091,218,418.57,577.12,8,511,6,220.93
1092,218,387.03,751.67,5,541,4,219.35
1093,218,265.89,883.66,7,580,0,213.29
1094,218,589.64,190.62,17,515,2,229.48
1095,219,1328.76,10.0,25,522,0,266.44
1096,219,615.28,385.99,8,551,6,230.76
1097,219,302.01,932.87,15,572,5,215.1
1098,219,135.56,10.0,6,537,1,206.78
1099,219,562.82,275.62,8,545,0,228.14
1100,220,1084.99,10.0,20,550,7,254.25
1101,220,522.77,749.07,14,540,5,226.14
1102,220,207.08,481.9,9,542,7,210.35
1103,220,70.86,860.37,1,543,3,203.54
1104,220,297.1,10.0,17,543,4,214.86
1105,221,523.44,638.25,12,520,0,226.17
1106,221,12.99,1255.37,11,509,1,200.65
1107,221,145.4,789.77,8,517,7,207.27
1108,221,582.06,839.66,1,556,3,229.1
1109,221,358.82,913.21,1,549,2,217.94
1110,222,10.0,618.98,1,543,3,200.5
1111,222,567.18,287.59,11,530,6,228.36
1112,222,708.61,1265.09,13,584,5,235.43
1113,222,538.16,450.53,1,557,2,226.91
1114,222,932.58,587.59,18,525,2,246.63
1115,223,105.19,209.89,3,570,5,205.26
1116,223,679.52,240.28,24,553,4,233.98
1117,223,605.22,10.0,7,562,7,230.26
1118,223,746.17,573.72,1,564,4,237.31
1119,223,621.74,1548.59,6,559,0,231.09
1120,224,1059.75,10.0,1,585,1,252.99
1121,224,375.4,800.61,7,537,7,218.77
1122,224,206.42,10.0,14,559,0,210.32
1123,224,601.42,758.39,1,540,1,230.07
1124,224,565.27,200.06,8,531,3,228.26
1125,225,978.58,375.97,2,590,3,248.93
1126,225,596.39,10.0,3,546,0,229.82
1127,225,417.34,286.17,21,591,2,220.87
1128,225,65.85,940.27,1,574,0,203.29
1129,225,204.9,10.0,6,551,7,210.24
1130,226,10.0,439.21,9,554,3,200.5
1131,226,566.66,327.98,18,547,7,228.33
1132,226,640.87,452.37,10,559,5,232.04
1133,226,238.71,223.14,10,574,0,211.94
1134,226,170.29,1000.91,15,535,1,208.51
1135,227,713.71,68.55,11,550,0,235.69
1136,227,230.82,273.35,12,549,2,211.54
1137,227,855.47,124.12,16,579,1,242.77
1138,227,25.82,997.83,19,579,6,201.29
1139,227,831.48,347.6,27,541,7,241.57
1140,228,702.95,60.54,17,563,1,235.15
1141,228,369.48,1076.13,1,568,3,218.47
1142,228,757.44,450.75,14,582,6,237.87
1143,228,748.98,37.38,14,574,7,237.45
1144,228,738.56,192.16,14,588,3,236.93
1145,229,800.15,309.71,12,556,1,240.01
1146,229,10.0,678.79,15,578,7,200.5
1147,229,913.79,807.21,4,564,0,245.69
1148,229,189.09,167.75,10,591,0,209.45
1149,229,698.35,466.85,24,598,1,234.92
1150,230,655.64,845.41,2,562,7,232.78
1151,230,626.08,619.86,11,599,4,231.3
1152,230,326.19,10.0,1,572,4,216.31
1153,230,575.82,320.4,5,566,7,228.79
1154,230,789.18,599.78,8,576,1,239.46
1155,231,783.52,554.7,13,661,6,239.18
1156,231,346.31,560.49,4,555,1,217.32
1157,231,550.46,879.21,25,603,3,227.52
1158,231,865.54,1380.81,17,600,0,243.28
1159,231,473.06,513.13,7,596,4,223.65
1160,232,292.42,898.36,19,582,1,214.62
1161,232,511.72,798.47,11,565,7,225.59
1162,232,716.73,353.89,10,543,2,235.84
1163,232,622.02,54.83,29,597,3,231.1
1164,232,660.36,765.03,7,595,1,233.02
1165,233,414.07,693.54,11,598,5,220.7
1166,233,901.0,1119.46,1,585,4,245.05
1167,233,295.74,10.0,12,567,6,214.79
1168,233,731.69,513.49,8,629,5,236.58
1169,233,723.85,546.71,12,533,0,236.19
1170,234,721.47,42.66,10,545,4,236.07
1171,234,1030.93,551.29,10,591,3,251.55
1172,234,282.09,362.09,14,593,3,214.1
1173,234,453.57,76.03,1,611,5,222.68
1174,234,248.91,720.79,16,622,6,212.45
1175,235,543.46,185.35,7,635,6,227.17
1176,235,748.01,170.68,1,604,4,237.4
1177,235,369.48,809.2,7,631,1,218.47
1178,235,328.64,517.53,18,586,0,216.43
1179,235,86.13,858.39,17,574,5,204.31
1180,236,1162.76,354.78,20,601,2,258.14
1181,236,204.55,727.39,1,573,4,210.23
1182,236,634.55,436.58,15,571,3,231.73
1183,236,949.18,985.92,2,546,1,247.46
1184,236,10.0,354.55,1,580,0,200.5
1185,237,204.54,400.29,23,617,4,210.23
1186,237,136.95,1136.56,8,585,5,206.85
1187,237,735.95,139.66,17,562,4,236.8
1188,237,616.18,84.15,18,608,7,230.81
1189,237,163.55,515.13,9,599,7,208.18
1190,238,392.53,279.1,7,585,7,219.63
1191,238,718.24,822.9,1,583,6,235.91
1192,238,674.76,1131.93,26,537,2,233.74
1193,238,508.46,135.9,1,601,2,225.42
1194,238,108.62,142.56,6,568,6,205.43
1195,239,562.24,330.34,1,596,5,228.11
1196,239,479.91,577.2,1,577,4,224.0
1197,239,317.75,488.6,17,585,6,215.89
1198,239,10.0,411.29,8,602,0,200.5
1199,239,910.09,721.64,17,596,4,245.5
1200,240,180.73,158.9,24,558,3,209.04
1201,240,256.56,609.9,14,610,3,212.83
1202,240,692.69,10.0,14,583,6,234.63
1203,240,1087.55,835.23,18,579,7,254.38
1204,240,203.48,606.37,12,586,6,210.17
1205,241,569.15,299.18,11,624,7,228.46
1206,241,648.19,355.06,17,571,4,232.41
1207,241,766.57,1142.82,15,651,5,238.33
1208,241,626.33,514.59,1,623,6,231.32
1209,241,639.13,989.45,17,624,7,231.96
1210,242,405.48,403.43,21,628,0,220.27
1211,242,670.65,602.88,21,613,1,233.53
1212,242,296.05,852.37,3,569,1,214.8
1213,242,437.47,151.95,9,558,1,221.87
1214,242,508.63,425.96,9,617,5,225.43
1215,243,15.83,181.42,19,631,3,200.79
1216,243,792.71,661.18,9,602,5,239.64
1217,243,684.47,711.48,13,558,2,234.22
1218,243,413.43,454.18,6,592,1,220.67
1219,243,302.72,519.69,10,606,1,215.14
1220,244,1042.28,619.81,6,579,0,252.11
1221,244,654.44,602.99,5,621,2,232.72
1222,244,283.71,1611.99,1,620,5,214.19
1223,244,689.43,440.45,1,583,6,234.47
1224,244,10.0,10.0,5,606,4,200.5
1225,245,133.85,121.13,25,616,1,206.69
1226,245,10.0,171.65,8,591,7,200.5
1227,245,940.82,10.0,6,607,7,247.04
1228,245,84.38,511.71,26,653,4,204.22
1229,245,353.05,625.83,13,595,3,217.65
1230,246,462.04,675.78,5,591,1,223.1
1231,246,943.44,905.3,20,582,1,247.17
1232,246,1018.27,889.16,2,596,0,250.91
1233,246,488.26,454.44,2,580,0,224.41
1234,246,651.28,708.58,7,630,3,232.56
1235,247,960.72,872.29,20,611,4,248.04
1236,247,907.2,697.41,17,661,0,245.36
1237,247,729.65,40.53,8,594,7,236.48
1238,247,652.91,174.24,5,612,4,232.65
1239,247,78.84,10.0,22,580,6,203.94
1240,248,1048.8,706.93,4,644,6,252.44
1241,248,700.6,604.02,6,589,6,235.03
1242,248,361.62,10.0,3,654,4,218.08
1243,248,407.24,325.57,12,611,4,220.36
1244,248,10.0,762.88,14,613,5,200.5
1245,249,689.65,463.35,8,620,7,234.48
1246,249,300.97,515.03,14,614,7,215.05
1247,249,592.79,565.39,7,648,4,229.64
1248,249,726.02,10.0,7,591,5,236.3
1249,249,10.0,622.45,16,589,4,200.5
1250,250,699.06,89.57,17,641,7,234.95
1251,250,396.39,1181.06,13,639,4,219.82
1252,250,552.67,10.0,16,657,7,227.63
1253,250,385.85,173.28,24,604,2,219.29
1254,250,927.39,1120.5,1,615,6,246.37
1255,251,196.43,679.53,17,555,4,209.82
1256,251,10.0,421.05,17,629,1,200.5
1257,251,457.94,539.23,19,630,1,222.9
1258,251,876.6,225.73,22,645,3,243.83
1259,251,937.07,690.12,16,653,2,246.85
1260,252,969.95,795.76,1,649,2,248.5
1261,252,667.05,10.0,6,646,4,233.35
1262,252,833.63,774.12,9,655,1,241.68
1263,252,32.66,206.09,21,604,4,201.63
1264,252,654.88,10.0,14,630,6,232.74
1265,253,656.11,471.32,11,660,0,232.81
1266,253,197.64,601.49,5,577,7,209.88
1267,253,377.08,907.05,1,649,0,218.85
1268,253,880.05,10.0,14,653,5,244.0
1269,253,188.98,115.88,1,634,2,209.45
1270,254,517.53,865.05,1,616,3,225.88
1271,254,183.85,910.57,13,633,4,209.19
1272,254,706.12,789.34,17,632,6,235.31
1273,254,67.78,81.14,23,666,5,203.39
1274,254,432.42,10.0,1,633,6,221.62
1275,255,720.22,806.14,11,624,0,236.01
1276,255,159.47,170.21,11,624,4,207.97
1277,255,10.0,462.19,4,613,6,200.5
1278,255,1039.0,158.6,1,650,4,251.95
1279,255,36.88,726.87,4,619,6,201.84
1280,256,294.47,760.68,12,609,2,214.72
1281,256,377.54,689.27,9,659,7,218.88
1282,256,310.93,845.7,16,625,0,215.55
1283,256,782.51,970.58,1,643,6,239.13
1284,256,474.59,563.09,11,663,4,223.73
1285,257,378.47,780.28,12,630,0,218.92
1286,257,222.38,10.0,5,613,4,211.12
1287,257,407.54,161.76,4,679,6,220.38
1288,257,849.06,467.75,1,673,5,242.45
1289,257,682.61,943.38,16,608,7,234.13
1290,258,412.86,929.02,21,686,0,220.64
1291,258,954.49,10.0,21,616,5,247.72
1292,258,800.28,589.32,9,659,2,240.01
1293,258,10.0,892.69,17,672,6,200.5
1294,258,432.96,82.07,3,640,6,221.65
1295,259,93.2,132.82,24,629,3,204.66
1296,259,721.86,484.02,12,651,4,236.09
1297,259,196.88,248.46,18,708,5,209.84
1298,259,223.34,118.15,1,637,1,211.17
1299,259,355.66,149.29,14,612,0,217.78
1300,260,474.49,531.86,18,663,2,223.72
1301,260,692.32,1098.92,22,662,2,234.62
1302,260,624.08,1354.23,1,645,6,231.2
1303,260,525.51,528.98,12,651,2,226.28
1304,260,109.79,413.86,15,614,7,205.49
1305,261,1166.41,570.83,17,614,3,258.32
1306,261,502.64,523.15,19,636,6,225.13
1307,261,149.93,10.0,7,633,5,207.5
1308,261,290.65,715.03,1,651,6,214.53
1309,261,112.85,10.0,14,648,0,205.64
1310,262,1001.86,154.41,1,672,2,250.09
1311,262,197.7,499.53,8,651,3,209.88
1312,262,378.8,430.21,6,649,3,218.94
1313,262,472.24,512.0,18,606,6,223.61
1314,262,496.31,430.86,1,626,3,224.82
1315,263,748.22,417.21,6,693,1,237.41
1316,263,739.52,467.63,1,632,7,236.98
1317,263,320.75,432.27,9,701,0,216.04
1318,263,273.54,512.86,1,678,5,213.68
1319,263,676.12,13.37,1,660,7,233.81
1320,264,446.28,535.64,17,675,0,222.31
1321,264,660.64,879.39,19,676,5,233.03
1322,264,699.99,10.0,13,650,4,235.0
1323,264,610.19,333.59,6,662,0,230.51
1324,264,563.07,1176.73,9,656,1,228.15
1325,265,908.97,745.73,22,661,2,245.45
1326,265,634.95,216.98,1,641,0,231.75
1327,265,971.0,281.44,5,627,6,248.55
1328,265,678.78,393.35,14,636,6,233.94
1329,265,333.78,495.43,2,667,7,216.69
1330,266,849.01,927.52,4,670,4,242.45
1331,266,465.45,444.01,1,629,7,223.27
1332,266,1014.25,86.51,6,666,4,250.71
1333,266,486.73,1138.28,7,654,5,224.34
1334,266,644.18,1078.63,17,600,4,232.21
1335,267,267.57,579.06,6,652,6,213.38
1336,267,10.0,244.68,18,621,1,200.5
1337,267,10.0,10.0,8,671,4,200.5
1338,267,10.0,537.81,2,723,6,200.5
1339,267,778.23,241.86,24,692,4,238.91
1340,268,676.67,592.02,6,682,4,233.83
1341,268,512.55,213.05,10,670,7,225.63
1342,268,484.54,1264.8,1,671,7,224.23
1343,268,674.03,703.22,19,689,7,233.7
1344,268,755.8,761.53,25,639,4,237.79
1345,269,535.52,828.07,8,642,6,226.78
1346,269,333.49,10.0,1,699,5,216.67
1347,269,467.18,229.94,26,666,5,223.36
1348,269,498.95,333.98,7,680,6,224.95
1349,269,225.62,312.8,3,662,1,211.28
1350,270,906.04,1038.63,22,679,1,245.3
1351,270,425.44,592.38,21,694,0,221.27
1352,270,370.75,367.17,10,683,5,218.54
1353,270,377.84,895.42,12,639,6,218.89
1354,270,205.3,1142.14,14,634,7,210.27
1355,271,894.35,225.49,19,750,5,244.72
1356,271,630.68,641.13,8,727,3,231.53
1357,271,288.78,10.0,13,650,5,214.44
1358,271,154.07,887.12,1,687,3,207.7
1359,271,654.07,42.69,13,691,0,232.7
1360,272,1018.79,694.29,17,630,4,250.94
1361,272,39.61,1123.62,22,662,3,201.98
1362,272,218.96,10.0,19,701,7,210.95
1363,272,1165.53,148.05,19,672,2,258.28
1364,272,660.49,261.27,1,680,3,233.02
1365,273,801.16,10.0,1,621,3,240.06
1366,273,1003.13,10.0,6,667,2,250.16
1367,273,594.91,314.72,19,731,2,229.75
1368,273,763.74,482.43,1,669,0,238.19
1369,273,917.43,513.8,18,674,6,245.87
1370,274,215.38,924.5,20,682,7,210.77
1371,274,1012.8,760.51,6,653,1,250.64
1372,274,10.0,466.44,7,691,1,200.5
1373,274,437.54,685.18,6,649,7,221.88
1374,274,529.79,343.84,14,664,6,226.49
1375,275,762.19,856.72,14,660,5,238.11
1376,275,501.61,312.24,5,689,6,225.08
1377,275,557.61,1221.42,22,705,4,227.88
1378,275,267.49,158.2,19,681,7,213.37
1379,275,464.84,322.49,6,615,1,223.24
1380,276,1069.07,344.13,10,647,3,253.45
1381,276,538.92,1121.07,15,660,6,226.95
1382,276,282.71,625.78,6,668,6,214.14
1383,276,778.66,750.77,7,670,2,238.93
1384,276,327.62,1335.1,29,731,4,216.38
1385,277,688.45,1147.97,6,707,0,234.42
1386,277,246.84,10.0,16,716,1,212.34
1387,277,935.17,450.7,11,683,1,246.76
1388,277,525.59,10.0,23,687,1,226.28
1389,277,319.55,717.55,1,705,3,215.98
1390,278,484.76,564.26,9,707,0,224.24
1391,278,163.18,233.95,15,695,2,208.16
1392,278,267.53,101.24,5,728,2,213.38
1393,278,911.35,1159.2,2,700,7,245.57
1394,278,504.51,10.0,9,660,1,225.23
1395,279,568.69,492.45,1,675,0,228.43
1396,279,620.36,597.9,13,703,6,231.02
1397,279,10.0,629.99,6,669,5,200.5
1398,279,907.79,441.14,13,702,7,245.39
1399,279,668.98,985.48,4,702,4,233.45
1400,280,415.72,435.51,13,738,0,220.79
1401,280,267.54,788.63,15,670,7,213.38
1402,280,488.26,999.88,25,717,4,224.41
1403,280,408.09,10.0,1,675,5,220.4
1404,280,480.35,10.0,8,687,2,224.02
1405,281,287.92,1008.76,15,683,2,214.4
1406,281,930.91,79.93,18,671,1,246.55
1407,281,837.95,809.45,2,681,7,241.9
1408,281,206.67,331.17,1,658,5,210.33
1409,281,630.71,679.53,10,756,4,231.54
1410,282,622.44,10.0,19,706,1,231.12
1411,282,31.92,1332.84,6,719,5,201.6
1412,282,360.82,984.28,7,706,7,218.04
1413,282,488.38,1135.95,9,743,3,224.42
1414,282,113.72,139.82,3,711,7,205.69
1415,283,114.74,203.95,21,716,4,205.74
1416,283,413.96,253.17,1,734,7,220.7
1417,283,520.05,860.83,1,675,4,226.0
1418,283,517.46,342.62,11,723,0,225.87
1419,283,10.0,278.84,1,689,7,200.5
1420,284,770.36,838.34,12,685,1,238.52
1421,284,1284.44,660.92,7,683,1,264.22
1422,284,523.4,10.0,20,694,6,226.17
1423,284,320.21,790.87,7,720,6,216.01
1424,284,182.43,893.57,16,696,2,209.12
1425,285,348.59,551.09,8,749,4,217.43
1426,285,10.0,812.81,28,704,2,200.5
1427,285,177.15,545.97,2,715,2,208.86
1428,285,10.0,154.0,14,707,4,200.5
1429,285,538.54,262.94,5,670,3,226.93
1430,286,588.18,190.98,6,722,5,229.41
1431,286,655.83,10.0,9,706,0,232.79
1432,286,782.72,408.21,4,745,6,239.14
1433,286,906.38,11.45,19,722,3,245.32
1434,286,95.6,257.73,5,703,3,204.78
1435,287,399.14,740.19,9,713,4,219.96
1436,287,79.34,647.27,4,706,4,203.97
1437,287,10.0,10.0,16,715,5,200.5
1438,287,558.62,1267.44,1,756,5,227.93
1439,287,1019.18,946.58,7,711,1,250.96
1440,288,46.4,509.01,16,654,5,202.32
1441,288,578.91,986.17,1,727,2,228.95
1442,288,536.55,801.37,23,711,6,226.83
1443,288,303.06,552.42,10,790,1,215.15
1444,288,943.86,446.35,17,740,5,247.19
1445,289,480.79,10.0,1,705,4,224.04
1446,289,378.99,10.0,18,733,6,218.95
1447,289,296.24,124.8,1,748,3,214.81
1448,289,344.79,1056.13,9,753,5,217.24
1449,289,947.77,514.9,20,761,0,247.39
1450,290,1075.18,10.0,12,734,7,253.76
1451,290,10.0,456.5,1,761,0,200.5
1452,290,342.45,1000.11,8,746,1,217.12
1453,290,465.84,718.1,2,714,4,223.29
1454,290,132.5,970.61,7,728,7,206.63
1455,291,782.43,911.0,5,696,4,239.12
1456,291,278.73,397.04,1,751,1,213.94
1457,291,10.0,438.22,9,757,3,200.5
1458,291,253.14,84.31,15,771,0,212.66
1459,291,638.55,813.54,16,713,7,231.93
1460,292,98.96,430.25,8,750,2,204.95
1461,292,403.52,1034.87,4,745,4,220.18
1462,292,308.75,349.84,2,730,1,215.44
1463,292,505.27,136.3,9,701,2,225.26
1464,292,750.45,242.63,29,702,1,237.52
1465,293,643.06,590.04,2,723,6,232.15
1466,293,647.6,10.0,18,713,5,232.38
1467,293,981.04,10.0,13,725,5,249.05
1468,293,963.33,365.69,3,740,5,248.17
1469,293,295.61,1510.51,1,721,3,214.78
1470,294,334.23,10.0,17,718,2,216.71
1471,294,593.55,195.14,26,721,1,229.68
1472,294,588.32,587.86,1,763,4,229.42
1473,294,1119.37,530.6,23,781,7,255.97
1474,294,487.62,799.9,9,710,5,224.38
1475,295,166.75,401.57,1,736,2,208.34
1476,295,340.21,875.37,3,735,4,217.01
1477,295,286.69,298.03,16,725,1,214.33
1478,295,441.17,663.87,8,737,5,222.06
1479,295,993.62,292.5,5,740,2,249.68
1480,296,766.21,905.7,1,724,6,238.31
1481,296,629.42,899.57,15,728,2,231.47
1482,296,236.71,633.09,4,790,3,211.84
1483,296,878.0,840.76,1,730,7,243.9
1484,296,301.99,93.25,14,736,6,215.1
1485,297,10.0,540.1,5,703,0,200.5
1486,297,549.95,1117.09,12,699,7,227.5
1487,297,641.48,1086.6,11,761,3,232.07
1488,297,1039.72,361.37,1,758,1,251.99
1489,297,178.58,156.49,7,752,0,208.93
1490,298,282.54,521.62,16,752,3,214.13
1491,298,759.42,10.0,11,764,5,237.97
1492,298,73.56,451.39,9,749,7,203.68
1493,298,718.71,1115.71,21,792,4,235.94
1494,298,633.24,826.3,7,730,3,231.66
1495,299,673.73,713.09,14,702,0,233.69
1496,299,517.21,929.21,27,746,7,225.86
1497,299,219.42,322.39,11,741,7,210.97
1498,299,404.05,557.72,1,729,1,220.2
1499,299,491.99,10.0,1,743,7,224.6
1500,300,948.45,10.0,1,804,7,247.42
1501,300,77.46,168.5,17,722,7,203.87
1502,300,570.28,739.6,6,770,1,228.51
1503,300,70.52,649.99,16,786,0,203.53
1504,300,389.79,827.62,1,743,5,219.49
1505,301,840.65,1242.69,10,742,7,242.03
1506,301,252.6,781.4,11,716,2,212.63
1507,301,417.69,729.01,9,757,0,220.88
1508,301,1193.38,452.96,15,794,0,259.67
1509,301,461.61,703.47,3,779,7,223.08
1510,302,662.4,99.75,12,741,3,233.12
1511,302,1258.57,65.36,3,806,1,262.93
1512,302,346.52,1009.47,4,778,3,217.33
1513,302,658.76,659.83,3,776,1,232.94
1514,302,619.71,10.0,5,756,6,230.99
1515,303,219.09,615.66,8,764,5,210.95
1516,303,688.89,416.97,1,744,4,234.44
1517,303,636.35,192.08,20,753,6,231.82
1518,303,162.44,655.53,1,757,0,208.12
1519,303,449.42,725.35,1,700,5,222.47
1520,304,548.99,516.05,12,738,5,227.45
1521,304,934.46,741.97,1,815,6,246.72
1522,304,640.31,1024.24,4,798,0,232.02
1523,304,817.58,203.89,19,797,0,240.88
1524,304,349.44,1112.53,6,771,2,217.47
1525,305,516.33,427.62,12,803,2,225.82
1526,305,754.88,10.0,8,759,1,237.74
1527,305,522.76,840.86,29,782,1,226.14
1528,305,373.56,1025.92,5,785,6,218.68
1529,305,248.17,352.48,18,766,6,212.41
1530,306,1129.82,483.5,20,783,2,256.49
1531,306,589.67,187.95,27,750,3,229.48
1532,306,593.72,1035.51,12,784,0,229.69
1533,306,1203.4,783.01,1,766,5,260.17
1534,306,716.91,534.21,2,752,0,235.85
1535,307,10.0,681.58,1,747,7,200.5
1536,307,566.47,683.67,3,786,4,228.32
1537,307,560.68,414.98,7,763,7,228.03
1538,307,1162.96,630.8,4,774,1,258.15
1539,307,641.68,403.5,3,805,3,232.08
1540,308,700.46,960.82,15,761,6,235.02
1541,308,254.58,10.0,10,770,7,212.73
1542,308,277.93,1348.4,4,769,2,213.9
1543,308,513.62,451.44,17,764,7,225.68
1544,308,10.0,516.7,20,750,4,200.5
1545,309,1069.5,668.73,1,770,1,253.48
1546,309,1095.61,10.0,7,784,2,254.78
1547,309,113.28,372.67,1,788,4,205.66
1548,309,604.77,212.53,11,751,2,230.24
1549,309,643.67,342.76,15,769,7,232.18
1550,310,639.93,531.62,5,737,4,232.0
1551,310,118.47,503.51,7,792,1,205.92
1552,310,619.78,261.02,24,756,4,230.99
1553,310,1029.94,926.49,14,773,3,251.5
1554,310,841.45,288.43,4,781,3,242.07
1555,311,871.18,142.06,16,778,1,243.56
1556,311,455.79,512.57,15,778,2,222.79
1557,311,222.42,67.15,8,780,2,211.12
1558,311,296.31,307.77,1,770,4,214.82
1559,311,491.96,1226.68,1,715,5,224.6
1560,312,55.47,765.54,1,810,0,202.77
1561,312,257.91,704.85,8,723,2,212.9
1562,312,145.93,667.48,19,818,5,207.3
1563,312,753.0,147.77,9,809,5,237.65
1564,312,577.17,611.73,13,764,0,228.86
1565,313,680.78,439.44,8,777,4,234.04
1566,313,681.23,10.0,2,851,1,234.06
1567,313,323.43,869.08,12,787,3,216.17
1568,313,548.27,148.01,3,809,5,227.41
1569,313,285.22,876.83,14,777,0,214.26
1570,314,271.42,443.32,13,784,5,213.57
1571,314,1462.63,175.93,17,759,5,273.13
1572,314,882.61,176.72,7,797,7,244.13
1573,314,34.83,72.47,8,782,3,201.74
1574,314,958.5,802.81,22,787,2,247.92
1575,315,1025.56,982.14,7,726,2,251.28
1576,315,696.31,94.92,15,823,2,234.82
1577,315,417.79,599.77,16,773,6,220.89
1578,315,799.47,757.47,10,789,7,239.97
1579,315,67.31,841.44,26,781,2,203.37
1580,316,286.61,1192.07,6,757,3,214.33
1581,316,224.47,254.56,21,795,6,211.22
1582,316,10.0,411.71,21,799,0,200.5
1583,316,208.92,10.0,1,813,3,210.45
1584,316,574.48,591.64,7,790,5,228.72
1585,317,290.31,1086.23,4,787,4,214.52
1586,317,736.49,865.63,18,784,0,236.82
1587,317,31.12,790.04,2,832,1,201.56
1588,317,419.26,439.9,1,796,5,220.96
1589,317,1075.89,579.17,9,853,7,253.79
1590,318,928.2,948.68,10,823,2,246.41
1591,318,762.65,467.37,11,781,7,238.13
1592,318,275.54,914.29,1,774,2,213.78
1593,318,543.12,1038.21,15,762,0,227.16
1594,318,383.43,50.45,5,799,7,219.17
1595,319,895.58,684.57,13,772,0,244.78
1596,319,310.75,10.0,18,799,7,215.54
1597,319,727.71,256.62,1,767,6,236.39
1598,319,1163.21,821.97,9,820,7,258.16
1599,319,564.69,577.25,27,795,5,228.23
1600,320,322.61,10.0,11,754,4,216.13
1601,320,629.96,670.19,3,746,0,231.5
1602,320,752.18,169.88,8,796,5,237.61
1603,320,604.59,152.37,6,750,5,230.23
1604,320,742.32,815.17,6,797,7,237.12
1605,321,266.64,10.0,13,799,3,213.33
1606,321,448.62,534.96,11,801,4,222.43
1607,321,127.84,466.56,9,788,6,206.39
1608,321,352.95,10.0,13,783,2,217.65
1609,321,191.04,284.62,24,819,7,209.55
1610,322,322.19,762.09,5,797,4,216.11
1611,322,820.46,10.0,12,846,0,241.02
1612,322,19.81,812.43,1,844,0,200.99
1613,322,431.42,499.55,10,766,3,221.57
1614,322,591.9,537.05,10,781,5,229.6
1615,323,87.01,1180.99,19,791,3,204.35
1616,323,665.5,824.53,9,788,4,233.27
1617,323,10.0,458.54,16,811,5,200.5
1618,323,849.5,750.13,11,803,1,242.47
1619,323,726.74,709.68,8,828,5,236.34
1620,324,102.53,826.81,26,767,2,205.13
1621,324,402.86,569.16,1,786,3,220.14
1622,324,783.11,260.69,12,809,6,239.16
1623,324,427.8,160.52,3,787,7,221.39
1624,324,221.75,585.77,16,810,0,211.09
1625,325,446.41,262.93,8,844,2,222.32
1626,325,599.71,10.0,3,871,1,229.99
1627,325,284.98,10.0,13,878,6,214.25
1628,325,163.32,521.07,16,854,1,208.17
1629,325,655.14,200.96,1,816,6,232.76
1630,326,385.66,741.49,17,804,7,219.28
1631,326,354.39,654.94,21,815,2,217.72
1632,326,716.43,10.0,4,822,6,235.82
1633,326,518.69,10.0,21,796,1,225.93
1634,326,727.15,666.84,25,788,4,236.36
1635,327,237.12,839.12,2,797,4,211.86
1636,327,10.0,224.75,7,835,3,200.5
1637,327,402.61,719.48,29,833,3,220.13
1638,327,678.06,501.22,5,867,0,233.9
1639,327,839.77,1078.54,14,796,1,241.99
1640,328,312.93,913.45,19,783,0,215.65
1641,328,148.78,824.33,5,832,7,207.44
1642,328,67.19,692.03,2,833,2,203.36
1643,328,241.71,157.77,21,885,6,212.09
1644,328,692.27,405.4,2,784,5,234.61
1645,329,10.0,539.45,1,793,2,200.5
1646,329,406.5,10.0,6,823,6,220.32
1647,329,10.0,1022.36,4,848,7,200.5
1648,329,474.47,220.22,18,859,1,223.72
1649,329,482.3,1240.54,6,860,4,224.11
1650,330,10.0,211.82,13,854,1,200.5
1651,330,196.44,458.19,13,840,6,209.82
1652,330,990.31,261.04,11,836,3,249.52
1653,330,758.68,851.75,8,804,2,237.93
1654,330,437.19,1081.93,4,828,2,221.86
1655,331,126.57,771.57,1,848,4,206.33
1656,331,26.29,336.91,20,812,0,201.31
1657,331,932.63,575.41,7,828,0,246.63
1658,331,269.37,316.39,1,802,1,213.47
1659,331,700.97,1402.61,14,771,3,235.05
1660,332,203.75,10.0,17,804,1,210.19
1661,332,319.93,771.31,17,809,2,216.0
1662,332,294.67,10.0,15,876,1,214.73
1663,332,456.8,497.77,7,809,6,222.84
1664,332,117.62,339.9,1,885,2,205.88
1665,333,115.76,179.21,11,836,0,205.79
1666,333,268.87,957.34,22,817,3,213.44
1667,333,161.63,332.56,11,881,3,208.08
1668,333,128.36,978.44,6,830,3,206.42
1669,333,846.26,86.33,16,813,4,242.31
1670,334,757.89,107.19,7,757,0,237.89
1671,334,732.55,246.63,4,782,6,236.63
1672,334,482.56,748.56,18,853,5,224.13
1673,334,733.72,565.76,8,840,6,236.69
1674,334,598.15,51.55,16,838,1,229.91
1675,335,273.92,10.0,21,873,4,213.7
1676,335,702.76,528.05,8,837,1,235.14
1677,335,463.71,986.54,11,793,3,223.19
1678,335,323.68,10.0,22,890,2,216.18
1679,335,403.75,706.36,15,836,4,220.19
1680,336,10.0,648.58,1,827,6,200.5
1681,336,289.45,10.0,2,798,3,214.47
1682,336,596.06,444.67,12,842,7,229.8
1683,336,591.91,462.49,6,869,2,229.6
1684,336,380.54,72.09,4,852,3,219.03
1685,337,966.62,431.27,1,800,0,248.33
1686,337,418.27,10.0,9,860,5,220.91
1687,337,573.66,469.24,7,828,2,228.68
1688,337,585.9,1000.5,1,817,4,229.29
1689,337,132.19,385.35,21,874,7,206.61
1690,338,970.56,184.78,6,834,4,248.53
1691,338,589.26,826.87,15,858,5,229.46
1692,338,658.75,105.22,13,861,3,232.94
1693,338,11.44,358.48,1,860,6,200.57
1694,338,286.96,10.0,15,883,4,214.35
1695,339,650.48,216.88,6,842,7,232.52
1696,339,454.86,708.24,12,863,6,222.74
1697,339,10.0,491.31,1,855,2,200.5
1698,339,491.09,694.89,3,910,1,224.55
1699,339,10.0,1005.89,16,830,0,200.5
1700,340,758.93,10.0,24,862,3,237.95
1701,340,339.43,427.33,17,861,6,216.97
1702,340,783.08,782.6,6,826,5,239.15
1703,340,493.11,427.73,9,830,3,224.66
1704,340,401.58,887.58,1,830,4,220.08
1705,341,715.51,451.71,20,834,1,235.78
1706,341,539.78,10.0,11,832,1,226.99
1707,341,802.41,10.0,1,886,2,240.12
1708,341,831.68,458.04,35,835,4,241.58
1709,341,10.0,897.29,18,869,5,200.5
1710,342,388.62,892.46,1,859,4,219.43
1711,342,547.07,857.96,6,844,7,227.35
1712,342,217.36,851.49,2,851,6,210.87
1713,342,308.22,76.2,1,868,6,215.41
1714,342,548.08,330.47,2,838,2,227.4
1715,343,634.75,173.8,3,900,7,231.74
1716,343,10.0,778.72,4,842,2,200.5
1717,343,367.19,754.23,23,842,6,218.36
1718,343,692.86,10.0,1,863,7,234.64
1719,343,205.05,81.28,7,857,7,210.25
1720,344,738.13,697.62,1,856,0,236.91
1721,344,652.52,653.48,20,872,0,232.63
1722,344,555.45,633.1,8,828,7,227.77
1723,344,589.89,45.63,14,883,1,229.49
1724,344,162.52,366.5,6,826,5,208.13
1725,345,252.22,735.62,17,944,2,212.61
1726,345,588.97,713.48,7,887,6,229.45
1727,345,681.85,204.56,21,921,5,234.09
1728,345,308.76,823.36,15,860,4,215.44
1729,345,713.48,660.69,8,855,1,235.67
1730,346,767.55,438.14,22,878,5,238.38
1731,346,228.28,630.18,1,886,4,211.41
1732,346,544.79,907.6,1,859,4,227.24
1733,346,439.5,1424.99,8,909,1,221.98
1734,346,206.92,10.0,8,920,1,210.35
1735,347,194.6,135.29,4,891,2,209.73
1736,347,534.64,187.74,20,883,4,226.73
1737,347,10.0,266.03,7,898,0,200.5
1738,347,904.08,809.61,10,911,2,245.2
1739,347,393.76,229.68,9,874,6,219.69
1740,348,484.98,412.45,7,880,4,224.25
1741,348,1074.67,141.82,11,859,3,253.73
1742,348,465.51,10.0,8,886,6,223.28
1743,348,739.32,10.0,19,906,3,236.97
1744,348,326.78,665.13,24,892,3,216.34
1745,349,438.67,117.13,1,851,7,221.93
1746,349,153.61,73.73,7,897,4,207.68
1747,349,385.72,625.32,1,860,2,219.29
1748,349,298.35,636.35,1,860,7,214.92
1749,349,771.63,10.0,15,885,1,238.58
1750,350,806.59,793.27,7,864,6,240.33
1751,350,456.21,762.95,21,894,6,222.81
1752,350,281.29,323.49,10,909,0,214.06
1753,350,582.19,352.67,12,864,1,229.11
1754,350,773.28,1145.19,10,909,1,238.66
1755,351,479.26,187.21,15,860,4,223.96
1756,351,698.37,833.31,10,894,6,234.92
1757,351,298.37,40.88,14,878,4,214.92
1758,351,340.58,422.77,1,908,2,217.03
1759,351,123.82,650.98,18,922,6,206.19
1760,352,465.39,875.88,3,845,1,223.27
1761,352,10.0,760.3,4,880,1,200.5
1762,352,672.13,1059.14,12,874,3,233.61
1763,352,1214.91,1359.0,19,960,6,260.75
1764,352,383.81,529.05,15,844,6,219.19
1765,353,390.24,440.28,21,900,0,219.51
1766,353,362.56,461.94,1,929,4,218.13
1767,353,337.65,969.74,6,866,7,216.88
1768,353,165.46,399.15,11,817,4,208.27
1769,353,10.0,369.47,8,881,7,200.5
1770,354,603.96,96.63,14,895,4,230.2
1771,354,505.72,1029.73,1,927,1,225.29
1772,354,275.05,407.56,7,916,5,213.75
1773,354,692.39,500.53,9,910,4,234.62
1774,354,222.72,985.27,1,913,2,211.14
1775,355,570.89,541.03,14,835,4,228.54
1776,355,335.65,219.45,6,898,0,216.78
1777,355,689.34,193.66,1,869,5,234.47
1778,355,460.22,970.8,10,869,3,223.01
1779,355,482.11,471.52,1,887,1,224.11
1780,356,376.06,691.67,2,898,0,218.8
1781,356,1216.53,1077.45,11,880,0,260.83
1782,356,357.38,165.65,11,850,2,217.87
1783,356,573.45,1010.08,1,870,6,228.67
1784,356,200.77,10.0,4,911,4,210.04
1785,357,963.07,404.96,1,900,3,248.15
1786,357,619.29,314.91,6,896,3,230.96
1787,357,647.22,1101.09,7,952,5,232.36
1788,357,527.71,564.89,25,871,7,226.39
1789,357,878.67,896.17,2,938,2,243.93
1790,358,287.0,552.0,3,932,5,214.35
1791,358,814.26,903.63,1,849,3,240.71
1792,358,1059.28,939.53,1,865,3,252.96
1793,358,285.31,882.97,13,876,4,214.27
1794,358,378.17,538.7,6,903,3,218.91
1795,359,242.52,559.35,1,891,7,212.13
1796,359,656.7,111.31,14,957,6,232.84
1797,359,677.73,251.45,1,932,6,233.89
1798,359,633.49,512.43,21,941,7,231.67
1799,359,899.94,10.0,8,953,7,245.0
1800,360,963.7,534.91,13,887,7,248.19
1801,360,832.37,670.88,1,919,0,241.62
1802,360,592.71,1069.58,6,886,0,229.64
1803,360,316.02,316.12,21,944,1,215.8
1804,360,848.96,273.67,9,859,3,242.45
1805,361,1101.34,178.01,6,911,2,255.07
1806,361,179.77,10.0,9,846,3,208.99
1807,361,669.15,873.63,1,918,4,233.46
1808,361,292.96,809.72,23,902,5,214.65
1809,361,825.06,396.4,15,924,5,241.25
1810,362,357.46,286.8,15,887,0,217.87
1811,362,756.98,330.46,15,913,0,237.85
1812,362,536.4,352.83,3,875,1,226.82
1813,362,688.93,631.88,1,957,2,234.45
1814,362,378.61,10.25,14,911,1,218.93
1815,363,363.82,866.77,2,858,6,218.19
1816,363,754.27,587.25,6,904,7,237.71
1817,363,203.12,1336.09,1,885,6,210.16
1818,363,74.04,545.79,22,904,4,203.7
1819,363,669.42,924.7,9,874,2,233.47
1820,364,238.37,10.0,8,878,3,211.92
1821,364,651.37,828.19,15,902,5,232.57
1822,364,722.04,430.58,6,925,4,236.1
1823,364,367.52,593.63,13,867,1,218.38
1824,364,821.27,801.14,8,947,2,241.06
1825,365,301.16,168.64,7,961,5,215.06
1826,365,10.0,226.08,21,936,2,200.5
1827,365,180.87,836.9,9,989,3,209.04
1828,365,536.47,10.0,18,950,1,226.82
1829,365,661.54,41.96,12,911,5,233.08
1830,366,580.66,583.74,6,945,6,229.03
1831,366,609.03,1383.65,9,961,5,230.45
1832,366,513.13,89.32,21,921,4,225.66
1833,366,392.29,388.18,8,886,2,219.61
1834,366,748.74,10.0,6,909,7,237.44
1835,367,288.78,1276.28,1,933,0,214.44
1836,367,543.25,847.65,5,924,5,227.16
1837,367,719.34,1034.93,1,944,2,235.97
1838,367,632.53,570.24,1,941,4,231.63
1839,367,448.57,113.86,8,936,5,222.43
1840,368,10.0,491.44,5,940,6,200.5
1841,368,425.16,649.79,9,907,1,221.26
1842,368,723.81,248.98,15,929,7,236.19
1843,368,35.87,540.64,1,928,7,201.79
1844,368,279.87,124.17,28,879,2,213.99
1845,369,639.31,989.71,2,877,3,231.97
1846,369,655.05,1362.54,2,824,0,232.75
1847,369,765.39,940.38,6,917,6,238.27
1848,369,1004.69,426.47,17,889,0,250.23
1849,369,637.46,995.76,4,914,3,231.87
1850,370,739.55,850.64,1,940,2,236.98
1851,370,591.14,10.0,7,956,4,229.56
1852,370,791.27,209.83,10,945,0,239.56
1853,370,742.34,484.4,8,894,4,237.12
1854,370,767.56,10.0,11,937,2,238.38
1855,371,839.53,526.88,4,927,1,241.98
1856,371,590.73,280.57,4,873,5,229.54
1857,371,162.58,10.0,8,925,7,208.13
1858,371,612.22,605.79,1,885,4,230.61
1859,371,527.44,337.47,10,940,1,226.37
1860,372,433.98,511.11,8,956,4,221.7
1861,372,720.2,10.0,10,1006,0,236.01
1862,372,584.4,362.01,9,957,0,229.22
1863,372,640.08,287.51,11,945,1,232.0
1864,372,865.85,1081.47,1,941,6,243.29
1865,373,143.16,745.3,4,953,3,207.16
1866,373,267.32,188.08,17,881,2,213.37
1867,373,1011.74,10.0,17,977,7,250.59
1868,373,796.94,167.48,9,924,7,239.85
1869,373,167.88,96.6,11,932,2,208.39
1870,374,501.96,716.97,14,945,5,225.1
1871,374,395.44,898.58,3,932,6,219.77
1872,374,634.5,10.0,9,964,7,231.72
1873,374,802.07,1022.52,13,866,6,240.1
1874,374,410.14,500.87,3,965,0,220.51
1875,375,792.51,330.85,1,879,2,239.63
1876,375,172.54,325.96,14,922,3,208.63
1877,375,384.42,10.0,14,966,1,219.22
1878,375,845.7,306.15,4,949,7,242.29
1879,375,401.52,1015.14,11,945,0,220.08
1880,376,1044.67,381.61,11,946,5,252.23
1881,376,10.0,1316.68,15,982,0,200.5
1882,376,549.76,834.8,13,974,6,227.49
1883,376,580.44,10.0,12,944,2,229.02
1884,376,606.99,1070.8,7,930,4,230.35
1885,377,556.48,698.06,12,921,1,227.82
1886,377,195.33,829.03,28,986,6,209.77
1887,377,184.54,10.0,1,932,5,209.23
1888,377,347.05,802.21,15,918,1,217.35
1889,377,869.41,615.75,11,868,3,243.47
1890,378,618.46,177.4,12,919,1,230.92
1891,378,862.21,746.18,6,939,0,243.11
1892,378,169.5,1125.6,11,962,1,208.47
1893,378,650.58,1275.1,16,938,5,232.53
1894,378,428.42,607.37,6,920,7,221.42
1895,379,517.84,339.49,12,948,4,225.89
1896,379,670.81,253.26,14,909,1,233.54
1897,379,776.11,10.0,1,981,2,238.81
1898,379,178.04,546.24,14,964,4,208.9
1899,379,448.04,199.39,9,938,2,222.4
1900,380,524.41,27.41,21,959,6,226.22
1901,380,785.75,465.88,1,929,3,239.29
1902,380,634.31,717.78,1,884,4,231.72
1903,380,125.26,330.89,1,955,3,206.26
1904,380,468.82,216.81,15,905,0,223.44
1905,381,383.09,490.27,3,974,4,219.15
1906,381,122.52,754.62,17,970,2,206.13
1907,381,802.69,174.89,28,943,0,240.13
1908,381,744.09,789.59,8,891,5,237.2
1909,381,680.01,1303.86,17,954,7,234.0
1910,382,814.09,518.65,1,945,4,240.7
1911,382,436.45,204.06,5,899,5,221.82
1912,382,607.15,10.0,15,949,0,230.36
1913,382,437.91,10.0,22,983,0,221.9
1914,382,10.0,10.0,8,989,0,200.5
1915,383,696.13,559.31,5,984,2,234.81
1916,383,423.53,240.62,13,919,0,221.18
1917,383,760.95,1038.2,11,964,3,238.05
1918,383,264.7,775.4,1,966,7,213.24
1919,383,697.07,10.0,8,939,4,234.85
1920,384,229.86,355.68,15,983,1,211.49
1921,384,277.8,302.98,20,892,4,213.89
1922,384,348.88,710.37,6,952,7,217.44
1923,384,555.75,575.4,11,1017,6,227.79
1924,384,751.31,1156.91,4,976,3,237.57
1925,385,482.44,10.0,18,935,6,224.12
1926,385,533.13,978.87,5,944,4,226.66
1927,385,354.68,267.28,3,923,6,217.73
1928,385,58.86,586.78,10,931,3,202.94
1929,385,217.17,799.72,15,982,6,210.86
1930,386,423.44,10.0,11,989,1,221.17
1931,386,701.24,822.68,9,963,3,235.06
1932,386,360.56,692.47,2,970,0,218.03
1933,386,245.46,520.42,2,1001,4,212.27
1934,386,562.91,683.02,13,973,2,228.15
1935,387,840.83,10.0,13,1026,6,242.04
1936,387,546.9,819.84,15,975,1,227.34
1937,387,717.85,10.0,19,970,6,235.89
1938,387,165.06,895.14,6,958,7,208.25
1939,387,10.0,592.95,13,991,4,200.5
1940,388,678.64,1360.44,21,1030,1,233.93
1941,388,598.55,990.12,16,981,5,229.93
1942,388,205.77,454.54,1,987,3,210.29
1943,388,969.62,138.58,22,989,1,248.48
1944,388,219.8,695.67,1,1048,2,210.99
1945,389,247.25,875.28,5,962,1,212.36
1946,389,526.76,387.52,4,1005,7,226.34
1947,389,994.04,428.73,10,983,3,249.7
1948,389,448.91,467.41,10,975,6,222.45
1949,389,292.81,120.51,14,958,3,214.64
1950,390,417.91,79.07,3,963,3,220.9
1951,390,68.75,613.53,6,972,0,203.44
1952,390,1177.29,433.22,1,955,4,258.86
1953,390,1314.54,10.0,1,976,6,265.73
1954,390,816.71,61.14,10,1007,2,240.84
1955,391,783.5,665.49,5,1005,7,239.17
1956,391,845.87,630.68,4,993,0,242.29
1957,391,123.88,586.69,1,983,0,206.19
1958,391,567.2,794.71,1,984,1,228.36
1959,391,453.25,384.82,14,926,5,222.66
1960,392,842.29,10.0,15,934,3,242.11
1961,392,10.0,88.76,10,966,5,200.5
1962,392,809.13,1016.59,12,1009,0,240.46
1963,392,10.0,743.73,12,973,1,200.5
1964,392,498.84,270.95,1,982,5,224.94
1965,393,636.32,591.99,11,958,5,231.82
1966,393,10.0,974.97,17,979,6,200.5
1967,393,267.82,538.75,14,963,4,213.39
1968,393,204.09,173.12,2,966,3,210.2
1969,393,109.91,625.65,17,994,7,205.5
1970,394,751.98,1174.28,1,1018,5,237.6
1971,394,577.01,82.27,4,991,6,228.85
1972,394,18.26,372.87,10,897,5,200.91
1973,394,472.04,212.24,11,1024,6,223.6
1974,394,490.14,516.12,6,931,3,224.51
1975,395,1304.63,235.82,17,998,3,265.23
1976,395,114.84,1034.96,12,1001,7,205.74
1977,395,218.78,168.86,16,994,1,210.94
1978,395,594.21,462.56,10,907,1,229.71
1979,395,600.23,211.93,10,967,6,230.01
1980,396,1096.34,1320.63,13,1024,3,254.82
1981,396,482.37,584.14,3,957,5,224.12
1982,396,615.85,438.12,10,970,3,230.79
1983,396,10.0,1169.16,15,957,7,200.5
1984,396,564.77,1146.2,9,997,4,228.24
1985,397,566.49,10.0,21,945,6,228.32
1986,397,819.63,190.08,14,992,7,240.98
1987,397,358.11,931.87,5,945,5,217.91
1988,397,378.73,79.96,1,948,7,218.94
1989,397,268.93,775.43,6,981,3,213.45
1990,398,297.98,855.12,14,985,6,214.9
1991,398,461.04,348.18,21,944,1,223.05
1992,398,580.55,727.74,1,967,1,229.03
1993,398,668.54,605.05,10,997,3,233.43
1994,398,127.25,122.04,11,1013,5,206.36
1995,399,799.25,971.58,15,984,2,239.96
1996,399,58.08,534.33,3,1008,0,202.9
1997,399,324.58,10.0,10,945,2,216.23
1998,399,456.01,1439.64,8,1003,4,222.8
1999,399,550.67,1055.51,17,1050,1,227.53
2000,400,1073.58,10.0,12,1036,7,253.68
2001,400,966.76,10.0,1,1005,5,248.34
2002,400,476.42,979.35,9,1036,7,223.82
2003,400,857.99,346.99,10,947,6,242.9
2004,400,534.17,1666.81,1,1036,6,226.71
2005,401,52.8,589.09,13,1016,3,202.64
2006,401,652.07,483.92,2,985,1,232.6
2007,401,734.68,917.04,5,978,1,236.73
2008,401,777.13,308.44,8,1024,6,238.86
2009,401,595.2,930.6,1,966,2,229.76
2010,402,559.19,809.42,13,979,5,227.96
2011,402,186.9,10.0,1,991,4,209.34
2012,402,138.0,1204.33,12,1001,6,206.9
2013,402,474.63,316.06,8,975,3,223.73
2014,402,527.82,301.19,14,973,1,226.39
2015,403,184.23,619.53,2,1056,4,209.21
2016,403,316.1,633.02,11,999,5,215.81
2017,403,696.57,467.38,1,1042,5,234.83
2018,403,294.73,217.7,1,1010,5,214.74
2019,403,408.67,675.54,7,987,5,220.43
2020,404,538.09,10.0,1,1022,7,226.9
2021,404,190.2,426.44,8,1005,7,209.51
2022,404,881.74,10.0,1,1026,2,244.09
2023,404,722.15,10.0,26,1046,4,236.11
2024,404,10.0,402.88,10,1036,4,200.5
2025,405,431.15,699.48,18,988,7,221.56
2026,405,148.42,10.0,18,1017,7,207.42
2027,405,927.09,36.38,24,1009,4,246.35
2028,405,239.52,10.0,1,1002,4,211.98
2029,405,882.34,826.39,1,1022,1,244.12
2030,406,454.39,1419.99,10,1027,7,222.72
2031,406,1127.41,657.91,1,960,0,256.37
2032,406,25.12,686.14,17,982,6,201.26
2033,406,862.43,10.0,1,1080,0,243.12
2034,406,1340.41,305.13,1,994,6,267.02
2035,407,606.27,595.89,1,1004,1,230.31
2036,407,476.76,724.58,3,1036,4,223.84
2037,407,342.06,659.71,6,989,1,217.1
2038,407,10.0,684.86,11,1004,5,200.5
2039,407,337.22,1050.63,9,1042,0,216.86
2040,408,721.29,397.43,3,1027,4,236.06
2041,408,487.49,10.0,17,1031,5,224.37
2042,408,285.79,872.35,20,1024,0,214.29
2043,408,577.01,10.0,24,1011,0,228.85
2044,408,1037.93,664.17,4,972,3,251.9
2045,409,289.55,137.77,16,997,0,214.48
2046,409,570.48,344.97,8,1043,3,228.52
2047,409,680.03,717.07,1,1082,7,234.0
2048,409,638.76,536.23,2,1054,3,231.94
2049,409,622.59,361.14,16,993,6,231.13
2050,410,319.75,811.88,10,1001,6,215.99
2051,410,549.67,671.41,9,1045,3,227.48
2052,410,10.0,10.0,13,1007,4,200.5
2053,410,409.97,899.63,1,1015,1,220.5
2054,410,473.43,773.89,18,1034,2,223.67
2055,411,415.84,795.38,1,982,0,220.79
2056,411,322.93,10.0,15,1053,7,216.15
2057,411,936.63,10.0,6,1052,3,246.83
2058,411,10.0,401.93,1,990,2,200.5
2059,411,779.42,10.0,1,1044,7,238.97
2060,412,494.15,136.85,14,989,1,224.71
2061,412,478.82,594.48,13,1022,7,223.94
2062,412,56.6,10.0,6,1036,2,202.83
2063,412,549.29,291.72,1,1038,5,227.46
2064,412,497.98,358.06,6,1049,0,224.9
2065,413,396.51,763.85,1,1021,6,219.83
2066,413,451.99,630.19,1,1029,1,222.6
2067,413,342.21,550.92,18,1076,0,217.11
2068,413,875.46,682.87,20,1029,4,243.77
2069,413,290.29,623.01,15,1030,3,214.51
2070,414,973.5,851.46,19,1037,3,248.68
2071,414,703.62,10.0,20,1040,3,235.18
2072,414,364.23,748.28,1,1054,2,218.21
2073,414,10.0,603.6,1,978,4,200.5
2074,414,350.88,521.88,7,1025,0,217.54
2075,415,485.6,907.06,13,1056,6,224.28
2076,415,518.8,615.27,21,1068,3,225.94
2077,415,204.71,1523.8,1,1038,4,210.24
2078,415,398.27,538.4,6,1063,6,219.91
2079,415,256.99,856.6,11,1039,2,212.85
2080,416,350.13,425.08,13,1011,2,217.51
2081,416,413.81,911.64,8,1005,7,220.69
2082,416,321.65,10.0,5,1063,3,216.08
2083,416,427.26,80.09,1,1003,6,221.36
2084,416,312.85,216.97,11,1059,7,215.64
2085,417,738.85,10.0,12,1059,2,236.94
2086,417,105.37,897.95,12,1010,4,205.27
2087,417,396.7,102.77,5,1022,7,219.83
2088,417,656.18,616.42,21,1077,3,232.81
2089,417,260.01,149.04,1,1029,3,213.0
2090,418,795.12,10.0,15,1022,6,239.76
2091,418,126.48,687.71,2,1022,1,206.32
2092,418,462.0,391.16,21,1024,1,223.1
2093,418,636.38,398.97,2,1043,0,231.82
2094,418,664.61,466.99,1,1061,5,233.23
2095,419,973.72,10.0,1,1115,6,248.69
2096,419,13.19,10.0,9,1007,0,200.66
2097,419,278.2,1240.98,4,1003,7,213.91
2098,419,422.08,514.15,23,1027,2,221.1
2099,419,731.66,712.07,1,1006,2,236.58
2100,420,512.81,387.65,11,1092,2,225.64
2101,420,1348.2,1495.74,5,1083,4,267.41
2102,420,395.85,867.11,15,1082,3,219.79
2103,420,467.55,388.97,19,1058,5,223.38
2104,420,782.9,511.17,8,1037,5,239.15
2105,421,181.28,397.41,3,1053,7,209.06
2106,421,448.93,754.1,12,1079,2,222.45
2107,421,661.09,621.81,1,1079,2,233.05
2108,421,336.33,678.87,7,1090,7,216.82
2109,421,1103.59,1598.06,19,1073,0,255.18
2110,422,558.55,1166.1,17,1087,4,227.93
2111,422,411.79,202.39,8,1080,5,220.59
2112,422,838.65,520.34,1,1023,0,241.93
2113,422,635.2,407.51,11,1085,1,231.76
2114,422,476.42,582.67,9,1000,6,223.82
2115,423,615.16,364.18,8,1077,0,230.76
2116,423,567.62,1178.72,6,1044,0,228.38
2117,423,90.74,1354.69,1,1030,5,204.54
2118,423,979.43,586.69,10,1086,0,248.97
2119,423,156.19,1156.46,1,1070,5,207.81
2120,424,446.07,306.61,8,1049,6,222.3
2121,424,612.59,154.68,15,1067,5,230.63
2122,424,160.09,410.13,5,1115,1,208.0
2123,424,648.82,397.04,18,1062,1,232.44
2124,424,480.15,420.13,21,1071,2,224.01
2125,425,766.18,933.44,15,1047,6,238.31
2126,425,744.6,27.52,5,1071,6,237.23
2127,425,459.43,10.0,5,1073,4,222.97
2128,425,507.95,677.92,10,1091,2,225.4
2129,425,10.0,10.0,1,1069,0,200.5
2130,426,182.56,29.19,5,1081,6,209.13
2131,426,514.03,355.56,22,1062,7,225.7
2132,426,658.73,1149.58,10,1049,5,232.94
2133,426,10.0,587.54,8,1108,7,200.5
2134,426,202.6,113.67,12,1050,7,210.13
2135,427,198.89,646.21,11,1043,4,209.94
2136,427,515.89,10.0,14,1089,7,225.79
2137,427,481.15,681.6,1,1060,1,224.06
2138,427,174.21,219.5,1,1075,2,208.71
2139,427,325.55,129.74,17,1068,7,216.28
2140,428,602.72,47.09,1,1058,6,230.14
2141,428,415.28,10.0,1,1041,5,220.76
2142,428,377.2,10.5,9,1091,7,218.86
2143,428,361.35,233.78,1,1033,3,218.07
2144,428,1051.97,956.32,12,1085,4,252.6
2145,429,489.93,683.78,1,1132,2,224.5
2146,429,402.58,764.46,1,1118,1,220.13
2147,429,873.78,912.78,14,1090,2,243.69
2148,429,267.77,10.0,9,1117,4,213.39
2149,429,558.33,407.95,7,1130,0,227.92
2150,430,10.0,435.82,16,1023,5,200.5
2151,430,299.62,10.0,7,1101,7,214.98
2152,430,1057.05,492.99,1,1109,2,252.85
2153,430,873.87,1120.51,4,1049,7,243.69
2154,430,475.56,770.2,17,1110,3,223.78
2155,431,311.73,10.0,14,1097,1,215.59
2156,431,787.26,310.03,7,1077,3,239.36
2157,431,762.01,635.4,4,1088,0,238.1
2158,431,323.25,577.05,12,1145,7,216.16
2159,431,472.94,908.2,8,1125,7,223.65
2160,432,959.92,473.82,6,1115,7,248.0
2161,432,773.46,243.2,19,1058,0,238.67
2162,432,422.68,1013.34,19,1104,2,221.13
2163,432,368.3,916.05,9,1077,3,218.41
2164,432,413.3,45.98,1,1051,7,220.66
2165,433,241.86,830.48,5,1089,2,212.09
2166,433,735.04,783.31,4,1116,0,236.75
2167,433,198.07,423.26,16,1077,4,209.9
2168,433,621.43,290.27,2,1057,4,231.07
2169,433,810.96,1548.57,5,1107,5,240.55
2170,434,1050.24,10.0,19,1065,2,252.51
2171,434,865.9,830.81,1,1080,2,243.29
2172,434,651.63,10.0,10,1052,2,232.58
2173,434,799.63,973.18,6,1095,3,239.98
2174,434,160.7,449.67,6,1064,7,208.04
2175,435,308.79,818.91,1,1095,2,215.44
2176,435,837.5,609.5,14,1117,7,241.87
2177,435,342.73,907.48,9,1037,2,217.14
2178,435,702.7,181.29,11,1125,2,235.13
2179,435,433.76,675.05,6,1113,3,221.69
2180,436,1194.42,815.91,10,1017,0,259.72
2181,436,561.2,847.93,10,1060,2,228.06
2182,436,362.99,390.74,10,1096,3,218.15
2183,436,174.76,1340.37,20,1023,4,208.74
2184,436,526.51,1297.48,12,1042,4,226.33
2185,437,94.2,470.63,13,1092,6,204.71
2186,437,694.74,318.7,8,1108,1,234.74
2187,437,406.62,691.38,23,1130,5,220.33
2188,437,432.95,1741.35,17,1058,6,221.65
2189,437,530.19,953.15,8,1086,3,226.51
2190,438,727.19,742.05,16,1103,0,236.36
2191,438,391.6,554.78,7,1100,2,219.58
2192,438,514.95,388.95,16,1088,2,225.75
2193,438,574.75,688.87,10,1048,4,228.74
2194,438,671.33,191.75,13,1124,7,233.57
2195,439,747.39,829.96,22,1081,0,237.37
2196,439,507.98,904.43,5,1085,2,225.4
2197,439,770.83,313.1,9,1064,3,238.54
2198,439,388.99,10.0,1,1180,5,219.45
2199,439,221.57,942.53,5,1087,4,211.08
2200,440,10.0,931.0,1,1095,6,200.5
2201,440,612.73,117.89,6,1129,0,230.64
2202,440,677.92,344.6,1,1084,5,233.9
2203,440,860.62,462.44,16,1085,3,243.03
2204,440,1095.92,10.0,20,1058,6,254.8
2205,441,513.07,619.11,18,1097,6,225.65
2206,441,534.0,402.91,7,1100,5,226.7
2207,441,342.02,66.96,10,1121,0,217.1
2208,441,395.11,520.42,1,1144,5,219.76
2209,441,434.16,405.67,15,1068,1,221.71
2210,442,492.98,10.0,5,1134,7,224.65
2211,442,825.61,407.03,1,1063,2,241.28
2212,442,1350.17,358.62,3,1083,7,267.51
2213,442,97.43,517.82,8,1109,2,204.87
2214,442,818.45,903.37,19,1082,7,240.92
2215,443,408.77,759.02,10,1116,4,220.44
2216,443,797.27,10.0,9,1086,0,239.86
2217,443,205.19,262.62,11,1125,4,210.26
2218,443,618.9,247.91,1,1129,7,230.94
2219,443,766.39,384.21,1,1185,6,238.32
2220,444,624.04,10.0,19,1114,6,231.2
2221,444,587.56,708.79,11,1004,6,229.38
2222,444,652.56,669.05,13,1069,2,232.63
2223,444,400.61,657.77,1,1156,4,220.03
2224,444,642.4,295.66,5,1156,1,232.12
2225,445,153.73,938.2,21,1118,6,207.69
2226,445,284.2,447.77,19,1149,6,214.21
2227,445,613.66,669.95,13,1125,3,230.68
2228,445,352.06,509.64,1,1121,0,217.6
2229,445,70.4,238.72,7,1105,5,203.52
2230,446,463.85,10.0,5,1118,7,223.19
2231,446,364.1,1022.2,13,1103,7,218.21
2232,446,833.36,807.45,12,1072,1,241.67
2233,446,362.75,161.32,10,1148,5,218.14
2234,446,770.92,586.99,7,1150,3,238.55
2235,447,592.69,952.27,17,1109,7,229.63
2236,447,941.23,538.12,1,1128,6,247.06
2237,447,777.1,31.69,22,1109,2,238.86
2238,447,490.56,1103.81,12,1156,3,224.53
2239,447,873.54,835.63,1,1108,1,243.68
2240,448,753.87,154.88,15,1180,4,237.69
2241,448,284.46,1131.65,10,1087,4,214.22
2242,448,322.64,1119.2,2,1189,1,216.13
2243,448,211.48,623.33,4,1106,5,210.57
2244,448,10.0,701.37,12,1117,7,200.5
2245,449,264.51,783.0,1,1122,3,213.23
2246,449,212.62,103.74,1,1124,7,210.63
2247,449,618.05,425.91,7,1119,6,230.9
2248,449,313.5,10.0,23,1151,7,215.68
2249,449,598.19,805.78,1,1139,4,229.91
2250,450,688.42,10.0,14,1162,1,234.42
2251,450,737.25,383.17,22,1126,4,236.86
2252,450,1013.08,303.84,16,1133,4,250.65
2253,450,207.23,192.82,16,1186,5,210.36
2254,450,199.01,356.35,8,1116,0,209.95
2255,451,655.72,306.36,1,1119,3,232.79
2256,451,98.97,10.0,12,1176,7,204.95
2257,451,235.91,237.26,1,1106,7,211.8
2258,451,540.44,492.66,1,1087,3,227.02
2259,451,660.7,62.49,9,1134,4,233.03
2260,452,443.66,1167.39,9,1140,6,222.18
2261,452,734.25,33.04,12,1113,3,236.71
2262,452,572.74,527.28,13,1132,5,228.64
2263,452,255.76,200.16,16,1106,4,212.79
2264,452,535.88,278.52,33,1203,4,226.79
2265,453,183.95,1049.35,8,1106,7,209.2
2266,453,247.31,468.06,7,1128,3,212.37
2267,453,477.5,290.79,5,1151,5,223.88
2268,453,599.48,645.01,14,1123,7,229.97
2269,453,690.66,443.15,18,1145,5,234.53
2270,454,271.91,1191.72,1,1104,1,213.6
2271,454,588.81,832.68,1,1176,0,229.44
2272,454,762.75,1032.65,2,1131,4,238.14
2273,454,545.19,887.32,4,1144,3,227.26
2274,454,75.66,789.2,5,1102,5,203.78
2275,455,172.56,369.49,19,1180,3,208.63
2276,455,251.47,569.02,4,1106,2,212.57
2277,455,749.89,712.57,32,1152,5,237.49
2278,455,342.08,528.57,16,1088,6,217.1
2279,455,752.45,10.0,9,1111,4,237.62
2280,456,720.55,316.74,11,1137,2,236.03
2281,456,675.31,115.47,19,1075,6,233.77
2282,456,10.0,634.76,9,1084,3,200.5
2283,456,827.97,441.6,13,1102,5,241.4
2284,456,429.3,98.11,7,1113,7,221.47
2285,457,138.28,239.8,12,1120,1,206.91
2286,457,285.6,356.04,8,1132,3,214.28
2287,457,581.53,10.0,26,1099,6,229.08
2288,457,297.65,238.46,1,1134,6,214.88
2289,457,540.07,555.41,26,1135,6,227.0
2290,458,284.71,58.5,8,1173,2,214.24
2291,458,10.0,411.55,12,1204,4,200.5
2292,458,1085.52,506.32,21,1157,0,254.28
2293,458,635.35,556.9,5,1115,7,231.77
2294,458,578.36,816.7,6,1168,2,228.92
2295,459,183.82,790.71,5,1052,1,209.19
2296,459,305.89,508.05,12,1166,0,215.29
2297,459,640.04,472.51,1,1167,5,232.0
2298,459,10.0,167.48,6,1070,1,200.5
2299,459,25.86,24.07,6,1182,1,201.29
2300,460,860.15,582.97,2,1091,4,243.01
2301,460,552.76,10.0,1,1128,7,227.64
2302,460,10.0,605.06,13,1129,4,200.5
2303,460,586.63,584.06,1,1157,6,229.33
2304,460,700.68,10.0,27,1118,4,235.03
2305,461,556.04,10.0,17,1106,3,227.8
2306,461,1013.69,290.99,30,1112,4,250.68
2307,461,10.0,1032.72,1,1156,3,200.5
2308,461,473.91,10.0,2,1161,4,223.7
2309,461,441.04,866.89,4,1176,4,222.05
2310,462,736.26,241.39,5,1122,4,236.81
2311,462,515.74,557.37,16,1142,1,225.79
2312,462,848.89,607.61,21,1153,3,242.44
2313,462,745.26,764.08,19,1148,5,237.26
2314,462,286.01,395.22,20,1148,6,214.3
2315,463,333.17,149.76,1,1169,2,216.66
2316,463,10.0,846.34,23,1207,0,200.5
2317,463,880.22,10.0,18,1148,1,244.01
2318,463,301.96,432.66,18,1171,0,215.1
2319,463,816.53,10.0,11,1121,7,240.83
2320,464,650.22,803.75,3,1168,3,232.51
2321,464,128.77,275.15,3,1145,6,206.44
2322,464,717.81,1003.55,23,1158,7,235.89
2323,464,450.75,477.17,10,1121,4,222.54
2324,464,841.94,10.0,7,1174,5,242.1
2325,465,243.28,660.34,12,1166,6,212.16
2326,465,224.42,440.05,1,1129,7,211.22
2327,465,734.07,296.44,18,1178,2,236.7
2328,465,660.24,586.16,16,1146,7,233.01
2329,465,759.51,572.61,8,1201,5,237.98
2330,466,476.18,614.01,17,1144,6,223.81
2331,466,211.77,191.86,7,1156,2,210.59
2332,466,950.49,583.11,17,1140,1,247.52
2333,466,539.15,10.0,8,1152,1,226.96
2334,466,710.29,929.34,7,1127,0,235.51
2335,467,392.73,147.83,16,1199,5,219.64
2336,467,548.67,1303.47,12,1104,7,227.43
2337,467,328.94,480.42,19,1215,4,216.45
2338,467,474.24,469.64,4,1170,7,223.71
2339,467,483.81,442.33,10,1177,6,224.19
2340,468,479.17,10.0,18,1205,6,223.96
2341,468,702.96,812.52,11,1181,4,235.15
2342,468,552.18,160.65,4,1195,2,227.61
2343,468,459.9,1322.95,10,1116,6,222.99
2344,468,788.98,639.18,17,1112,2,239.45
2345,469,1049.11,643.6,12,1158,5,252.46
2346,469,369.99,351.69,19,1159,1,218.5
2347,469,923.25,10.0,9,1145,2,246.16
2348,469,233.64,624.22,5,1197,5,211.68
2349,469,10.0,597.06,11,1209,2,200.5
2350,470,382.16,65.35,18,1207,2,219.11
2351,470,72.73,415.58,10,1144,4,203.64
2352,470,1128.42,10.0,13,1156,3,256.42
2353,470,157.23,1088.95,24,1249,6,207.86
2354,470,473.2,944.82,1,1236,6,223.66
2355,471,324.35,735.02,5,1158,6,216.22
2356,471,243.4,535.52,4,1160,4,212.17
2357,471,416.45,561.08,1,1229,4,220.82
2358,471,138.7,1322.63,12,1211,1,206.94
2359,471,441.35,816.69,6,1193,6,222.07
2360,472,298.91,139.54,2,1191,4,214.95
2361,472,129.31,1263.58,8,1135,1,206.47
2362,472,693.22,590.83,3,1190,7,234.66
2363,472,1051.62,627.77,9,1137,2,252.58
2364,472,1013.53,138.95,26,1167,0,250.68
2365,473,10.0,1258.17,17,1179,0,200.5
2366,473,426.41,749.11,19,1179,2,221.32
2367,473,843.9,10.0,16,1183,3,242.2
2368,473,490.83,146.81,13,1131,6,224.54
2369,473,170.8,742.42,23,1176,2,208.54
2370,474,641.56,346.63,13,1214,1,232.08
2371,474,412.92,10.0,7,1164,7,220.65
2372,474,220.25,573.58,21,1113,2,211.01
2373,474,1010.72,61.3,20,1189,6,250.54
2374,474,10.0,399.06,15,1223,6,200.5
2375,475,1206.21,153.73,14,1148,7,260.31
2376,475,1090.47,407.11,12,1190,2,254.52
2377,475,417.21,511.0,6,1189,7,220.86
2378,475,477.14,368.51,6,1181,2,223.86
2379,475,714.3,474.88,1,1161,3,235.72
2380,476,887.05,251.65,4,1126,0,244.35
2381,476,843.33,548.37,22,1167,2,242.17
2382,476,349.65,802.82,1,1252,0,217.48
2383,476,910.63,1273.62,15,1269,5,245.53
2384,476,569.08,360.09,13,1222,3,228.45
2385,477,69.84,346.84,26,1135,2,203.49
2386,477,37.77,11.48,2,1145,5,201.89
2387,477,744.38,371.66,16,1210,5,237.22
2388,477,162.49,876.66,13,1168,6,208.12
2389,477,424.1,771.72,27,1143,6,221.2
2390,478,305.95,248.32,12,1210,6,215.3
2391,478,313.61,952.07,1,1170,1,215.68
2392,478,441.92,335.43,1,1164,6,222.1
2393,478,184.3,823.48,12,1211,0,209.22
2394,478,1155.27,113.73,1,1154,0,257.76
2395,479,727.13,10.0,8,1222,7,236.36
2396,479,929.98,967.55,3,1265,2,246.5
2397,479,334.92,22.24,17,1214,6,216.75
2398,479,378.35,713.59,8,1173,4,218.92
2399,479,498.27,953.07,1,1173,2,224.91
2400,480,543.86,782.31,17,1250,4,227.19
2401,480,1193.32,168.18,9,1184,2,259.67
2402,480,723.76,426.16,17,1164,6,236.19
2403,480,323.09,10.0,1,1158,0,216.15
2404,480,488.89,155.8,6,1176,5,224.44
2405,481,501.74,685.3,9,1118,2,225.09
2406,481,482.32,694.3,8,1199,7,224.12
2407,481,172.62,1043.33,26,1216,2,208.63
2408,481,509.13,725.35,1,1172,2,225.46
2409,481,473.97,462.15,4,1189,7,223.7
2410,482,826.43,218.74,12,1223,7,241.32
2411,482,202.69,370.23,1,1218,4,210.13
2412,482,371.28,804.47,7,1155,2,218.56
2413,482,484.58,325.35,15,1155,5,224.23
2414,482,51.44,503.23,6,1190,7,202.57
2415,483,483.43,10.0,9,1165,4,224.17
2416,483,402.7,285.66,9,1255,7,220.14
2417,483,270.79,371.65,4,1186,5,213.54
2418,483,166.34,1123.67,16,1286,4,208.32
2419,483,232.91,236.72,9,1284,7,211.65
2420,484,138.03,534.49,33,1242,5,206.9
2421,484,409.66,10.0,4,1239,1,220.48
2422,484,261.02,508.01,21,1232,5,213.05
2423,484,359.05,423.29,16,1223,0,217.95
2424,484,1155.51,954.66,13,1215,6,257.78
2425,485,896.37,519.97,3,1288,6,244.82
2426,485,668.23,660.15,23,1210,7,233.41
2427,485,314.29,268.4,11,1154,1,215.71
2428,485,462.54,75.87,6,1218,0,223.13
2429,485,378.11,542.89,1,1251,7,218.91
2430,486,210.38,509.58,8,1236,2,210.52
2431,486,243.85,169.76,21,1306,7,212.19
2432,486,350.19,10.0,22,1251,3,217.51
2433,486,144.46,585.87,17,1241,6,207.22
2434,486,614.64,564.27,22,1229,0,230.73
2435,487,829.51,309.3,22,1205,1,241.48
2436,487,480.22,305.44,8,1185,5,224.01
2437,487,174.7,231.43,11,1160,2,208.74
2438,487,539.47,375.75,9,1249,0,226.97
2439,487,276.01,323.13,8,1218,1,213.8
2440,488,542.67,1161.2,9,1209,2,227.13
2441,488,10.0,300.39,16,1180,6,200.5
2442,488,538.83,358.75,6,1251,7,226.94
2443,488,626.27,711.02,10,1245,1,231.31
2444,488,150.3,10.0,4,1193,0,207.51
2445,489,722.29,106.59,1,1228,0,236.11
2446,489,760.15,563.76,9,1278,5,238.01
2447,489,600.12,220.95,10,1203,0,230.01
2448,489,204.08,507.37,9,1172,0,210.2
2449,489,537.91,13.2,9,1326,5,226.9
2450,490,671.18,10.0,1,1204,6,233.56
2451,490,586.27,1092.3,26,1240,3,229.31
2452,490,10.0,464.1,1,1241,4,200.5
2453,490,241.41,215.73,20,1263,6,212.07
2454,490,1157.49,27.37,1,1222,0,257.87
2455,491,162.59,860.75,11,1180,0,208.13
2456,491,1097.42,1226.78,16,1154,2,254.87
2457,491,806.63,592.37,12,1204,3,240.33
2458,491,595.65,65.93,8,1334,7,229.78
2459,491,531.44,312.03,20,1182,0,226.57
2460,492,593.78,10.0,12,1232,0,229.69
2461,492,715.96,481.28,1,1241,3,235.8
2462,492,1024.44,1173.06,13,1231,4,251.22
2463,492,836.3,759.08,7,1193,4,241.81
2464,492,391.32,157.56,8,1203,5,219.57
2465,493,838.14,172.14,8,1213,7,241.91
2466,493,718.06,721.66,11,1319,7,235.9
2467,493,530.15,546.44,5,1218,2,226.51
2468,493,664.53,306.06,19,1237,4,233.23
2469,493,734.47,589.16,5,1257,5,236.72
2470,494,176.16,94.03,13,1270,4,208.81
2471,494,740.15,16.05,5,1253,5,237.01
2472,494,965.08,979.84,1,1245,7,248.25
2473,494,318.16,1245.04,1,1269,7,215.91
2474,494,79.98,1155.98,10,1209,3,204.0
2475,495,329.15,719.43,5,1225,2,216.46
2476,495,720.57,582.43,20,1223,7,236.03
2477,495,100.33,1187.63,14,1235,3,205.02
2478,495,551.12,554.21,1,1240,3,227.56
2479,495,34.91,249.11,8,1185,3,201.75
2480,496,370.68,468.27,15,1229,1,218.53
2481,496,143.18,342.24,9,1228,4,207.16
2482,496,136.18,759.42,9,1177,5,206.81
2483,496,521.17,56.8,10,1266,2,226.06
2484,496,891.43,874.94,1,1204,5,244.57
2485,497,445.81,830.18,1,1231,5,222.29
2486,497,10.0,212.21,1,1243,7,200.5
2487,497,253.42,95.71,4,1254,1,212.67
2488,497,473.43,1091.48,13,1228,5,223.67
2489,497,10.0,492.74,15,1183,5,200.5
2490,498,41.86,1347.09,15,1223,0,202.09
2491,498,1176.8,47.62,1,1249,5,258.84
2492,498,846.79,10.0,18,1220,0,242.34
2493,498,257.81,349.58,1,1180,3,212.89
2494,498,749.72,408.66,8,1265,3,237.49
2495,499,629.25,1052.86,11,1235,6,231.46
2496,499,270.71,712.37,9,1219,7,213.54
2497,499,528.42,441.12,3,1210,6,226.42
2498,499,323.07,1020.07,8,1236,2,216.15
2499,499,924.78,213.54,1,1208,3,246.24
2500,500,158.64,246.34,7,1243,0,207.93
2501,500,490.81,10.0,7,1237,5,224.54
2502,500,1077.9,236.82,1,1260,3,253.9
2503,500,527.62,200.27,1,1259,6,226.38
2504,500,491.63,41.42,18,1315,1,224.58
2505,501,151.43,130.11,32,1243,5,207.57
2506,501,311.19,780.75,24,1234,0,215.56
2507,501,410.66,519.23,20,1243,4,220.53
2508,501,409.85,1320.6,22,1178,0,220.49
2509,501,196.34,524.92,14,1208,6,209.82
2510,502,625.2,709.69,8,1291,2,231.26
2511,502,643.58,222.83,27,1316,5,232.18
2512,502,141.66,314.13,1,1298,2,207.08
2513,502,729.42,285.55,12,1267,5,236.47
2514,502,275.66,449.89,5,1245,4,213.78
2515,503,592.2,1357.08,6,1268,4,229.61
2516,503,894.33,303.53,21,1282,2,244.72
2517,503,85.72,335.43,21,1272,3,204.29
2518,503,72.06,643.33,10,1230,5,203.6
2519,503,145.13,257.67,1,1267,2,207.26
2520,504,675.58,374.98,10,1315,5,233.78
2521,504,615.84,126.62,20,1305,3,230.79
2522,504,184.6,131.11,12,1250,0,209.23
2523,504,590.11,362.54,9,1305,7,229.51
2524,504,356.2,104.92,16,1247,7,217.81
2525,505,516.59,1622.98,1,1273,6,225.83
2526,505,504.51,260.14,9,1309,2,225.23
2527,505,1202.88,679.8,13,1253,6,260.14
2528,505,10.0,759.23,18,1256,1,200.5
2529,505,294.25,710.78,21,1303,7,214.71
2530,506,255.26,759.84,2,1269,1,212.76
2531,506,194.75,583.71,1,1236,2,209.74
2532,506,837.04,1330.38,20,1205,3,241.85
2533,506,1009.0,10.0,8,1234,1,250.45
2534,506,1232.28,164.55,6,1266,2,261.61
2535,507,475.6,811.09,19,1242,7,223.78
2536,507,324.6,1068.47,1,1297,4,216.23
2537,507,467.41,1062.79,1,1302,0,223.37
2538,507,532.0,798.82,5,1313,4,226.6
2539,507,302.24,744.79,1,1302,6,215.11
2540,508,529.7,463.15,10,1272,3,226.49
2541,508,316.62,797.67,11,1257,6,215.83
2542,508,930.83,859.3,18,1273,7,246.54
2543,508,736.08,985.71,8,1265,0,236.8
2544,508,53.42,814.81,11,1278,3,202.67
2545,509,345.25,606.24,3,1226,7,217.26
2546,509,266.97,33.27,1,1208,3,213.35
2547,509,729.97,10.0,1,1234,0,236.5
2548,509,663.44,100.67,10,1231,6,233.17
2549,509,432.73,299.96,20,1275,0,221.64
2550,510,661.9,745.05,13,1299,2,233.09
2551,510,882.83,527.48,9,1304,0,244.14
2552,510,282.53,292.95,10,1279,5,214.13
2553,510,471.43,740.58,14,1214,1,223.57
2554,510,213.27,340.52,10,1284,3,210.66
2555,511,635.4,10.0,10,1221,0,231.77
2556,511,594.01,792.33,12,1297,7,229.7
2557,511,523.91,905.82,20,1358,1,226.2
2558,511,520.6,282.44,11,1273,7,226.03
2559,511,483.77,596.98,16,1330,1,224.19
2560,512,293.53,991.67,2,1335,2,214.68
2561,512,711.67,539.4,19,1316,6,235.58
2562,512,252.27,1048.44,4,1307,2,212.61
2563,512,216.94,104.5,10,1298,6,210.85
2564,512,93.2,403.97,14,1321,2,204.66
2565,513,1036.58,1067.17,10,1295,4,251.83
2566,513,353.52,10.0,3,1269,4,217.68
2567,513,584.08,1006.32,4,1201,7,229.2
2568,513,467.27,704.67,12,1244,7,223.36
2569,513,505.67,882.94,18,1255,5,225.28
2570,514,797.56,430.12,1,1257,4,239.88
2571,514,205.42,635.66,1,1365,0,210.27
2572,514,464.58,592.45,12,1283,6,223.23
2573,514,289.69,580.44,4,1286,6,214.48
2574,514,867.83,710.38,16,1290,7,243.39
2575,515,622.38,531.13,17,1215,1,231.12
2576,515,718.83,953.87,1,1273,0,235.94
2577,515,852.12,688.78,14,1271,4,242.61
2578,515,268.43,145.99,9,1276,7,213.42
2579,515,466.12,626.31,10,1257,2,223.31
2580,516,598.61,880.81,15,1336,4,229.93
2581,516,332.45,859.31,9,1327,0,216.62
2582,516,577.83,250.46,2,1313,5,228.89
2583,516,864.48,796.74,7,1256,0,243.22
2584,516,368.55,731.13,16,1273,3,218.43
2585,517,761.54,293.2,18,1324,5,238.08
2586,517,601.86,1774.63,10,1261,3,230.09
2587,517,224.27,725.38,20,1236,7,211.21
2588,517,177.41,505.73,11,1234,0,208.87
2589,517,508.03,591.23,5,1288,1,225.4
2590,518,895.26,729.46,12,1322,1,244.76
2591,518,614.32,646.05,10,1320,3,230.72
2592,518,280.82,465.85,21,1311,4,214.04
2593,518,767.96,967.85,16,1314,0,238.4
2594,518,510.75,606.52,14,1394,1,225.54
2595,519,464.45,1065.56,5,1313,4,223.22
2596,519,802.33,250.04,13,1326,2,240.12
2597,519,10.0,461.03,8,1304,4,200.5
2598,519,358.07,10.0,8,1268,5,217.9
2599,519,703.99,883.05,12,1281,3,235.2
2600,520,701.18,720.85,14,1384,0,235.06
2601,520,446.11,466.93,1,1249,7,222.31
2602,520,771.17,145.63,13,1288,5,238.56
2603,520,10.0,759.97,16,1289,2,200.5
2604,520,353.12,1111.87,17,1280,3,217.66
2605,521,190.73,651.14,17,1264,2,209.54
2606,521,728.36,10.0,5,1295,1,236.42
2607,521,388.66,10.0,6,1269,6,219.43
2608,521,285.37,328.17,1,1269,4,214.27
2609,521,469.94,413.41,1,1282,7,223.5
2610,522,214.67,541.82,10,1312,0,210.73
2611,522,1138.31,807.83,8,1396,4,256.92
2612,522,432.92,705.95,23,1262,6,221.65
2613,522,255.18,813.92,15,1301,6,212.76
2614,522,353.16,566.8,10,1425,6,217.66
2615,523,538.18,721.47,15,1363,7,226.91
2616,523,716.41,807.05,21,1325,6,235.82
2617,523,628.97,1179.12,15,1311,5,231.45
2618,523,283.92,1494.13,1,1271,5,214.2
2619,523,526.35,10.0,11,1335,0,226.32
2620,524,736.95,1066.0,16,1298,6,236.85
2621,524,327.65,572.94,5,1275,3,216.38
2622,524,612.72,285.13,1,1313,4,230.64
2623,524,793.67,837.63,1,1305,5,239.68
2624,524,817.0,1444.76,4,1282,5,240.85
2625,525,760.73,10.0,10,1283,3,238.04
2626,525,844.7,567.87,26,1323,1,242.24
2627,525,10.0,142.45,11,1338,4,200.5
2628,525,11.27,1052.74,15,1315,5,200.56
2629,525,1187.54,969.55,13,1271,4,259.38
2630,526,525.6,1063.77,7,1320,7,226.28
2631,526,459.41,10.0,10,1279,4,222.97
2632,526,307.45,897.59,3,1289,5,215.37
2633,526,220.85,10.0,15,1323,1,211.04
2634,526,773.53,115.3,15,1292,1,238.68
2635,527,638.23,953.25,13,1341,1,231.91
2636,527,495.12,719.44,10,1286,0,224.76
2637,527,630.1,917.19,5,1302,4,231.51
2638,527,746.27,502.18,17,1303,3,237.31
2639,527,332.07,715.14,1,1344,2,216.6
2640,528,910.3,484.04,6,1335,5,245.51
2641,528,598.98,526.32,11,1315,2,229.95
2642,528,835.09,462.96,15,1269,3,241.75
2643,528,10.0,714.23,1,1310,3,200.5
2644,528,748.17,817.16,10,1335,1,237.41
2645,529,228.92,956.96,1,1323,4,211.45
2646,529,527.01,485.2,6,1313,5,226.35
2647,529,494.76,738.54,3,1342,3,224.74
2648,529,336.85,10.0,6,1316,4,216.84
2649,529,10.0,849.18,11,1358,0,200.5
2650,530,669.02,434.84,8,1281,7,233.45
2651,530,245.76,1085.95,4,1422,5,212.29
2652,530,320.58,384.09,20,1314,7,216.03
2653,530,309.83,100.32,1,1336,5,215.49
2654,530,563.19,179.51,17,1374,3,228.16
2655,531,894.28,378.58,13,1268,1,244.71
2656,531,1121.08,308.49,1,1398,1,256.05
2657,531,601.46,651.58,29,1291,1,230.07
2658,531,516.64,615.17,25,1284,7,225.83
2659,531,231.42,114.33,7,1341,2,211.57
2660,532,521.25,1578.2,15,1340,1,226.06
2661,532,796.53,764.09,2,1294,2,239.83
2662,532,808.16,16.89,10,1328,7,240.41
2663,532,441.92,10.0,23,1352,6,222.1
2664,532,10.0,629.86,12,1355,4,200.5
2665,533,314.81,60.46,21,1319,6,215.74
2666,533,297.1,439.48,21,1318,7,214.85
2667,533,1012.24,1506.5,12,1356,5,250.61
2668,533,372.39,1163.37,11,1389,1,218.62
2669,533,541.19,275.78,18,1286,1,227.06
2670,534,427.25,10.0,11,1281,5,221.36
2671,534,792.17,621.94,10,1295,0,239.61
2672,534,748.48,244.77,1,1294,3,237.42
2673,534,476.12,390.7,15,1374,1,223.81
2674,534,114.69,508.01,19,1272,3,205.73
2675,535,1056.47,947.11,1,1323,0,252.82
2676,535,241.57,56.75,21,1345,7,212.08
2677,535,329.33,788.99,1,1408,5,216.47
2678,535,66.61,809.97,1,1353,6,203.33
2679,535,1185.96,166.0,26,1321,7,259.3
2680,536,491.06,481.58,7,1378,2,224.55
2681,536,363.29,230.56,1,1326,0,218.16
2682,536,380.42,85.07,11,1348,0,219.02
2683,536,565.07,512.92,3,1275,5,228.25
2684,536,760.05,675.83,9,1294,0,238.0
2685,537,633.65,263.13,9,1362,0,231.68
2686,537,604.37,1212.26,4,1363,5,230.22
2687,537,670.99,492.94,24,1341,1,233.55
2688,537,211.92,680.76,11,1375,0,210.6
2689,537,586.98,1028.52,16,1361,7,229.35
2690,538,569.46,1026.02,7,1336,7,228.47
2691,538,1040.3,1079.88,5,1310,6,252.02
2692,538,622.22,10.0,15,1330,0,231.11
2693,538,395.83,721.34,12,1289,3,219.79
2694,538,384.33,576.37,13,1306,4,219.22
2695,539,392.82,364.35,10,1338,1,219.64
2696,539,417.95,1233.52,26,1343,7,220.9
2697,539,871.14,722.3,4,1370,2,243.56
2698,539,460.01,372.37,6,1375,4,223.0
2699,539,173.21,71.62,2,1348,6,208.66
2700,540,581.71,673.15,2,1387,1,229.09
2701,540,933.84,637.14,1,1350,6,246.69
2702,540,384.96,838.16,19,1327,4,219.25
2703,540,904.19,597.66,14,1324,4,245.21
2704,540,548.78,10.0,7,1328,6,227.44
2705,541,346.98,260.13,24,1351,5,217.35
2706,541,282.22,1360.12,22,1333,6,214.11
2707,541,634.5,56.62,1,1304,0,231.72
2708,541,438.73,86.04,1,1328,7,221.94
2709,541,10.0,126.46,17,1371,0,200.5
2710,542,700.69,212.58,5,1303,5,235.03
2711,542,92.2,10.0,24,1383,4,204.61
2712,542,196.69,1061.16,1,1380,1,209.83
2713,542,539.73,283.73,7,1370,7,226.99
2714,542,1183.31,1227.63,4,1347,6,259.17
2715,543,792.62,652.07,13,1379,4,239.63
2716,543,10.0,288.08,11,1334,2,200.5
2717,543,442.13,10.0,9,1391,5,222.11
2718,543,423.02,558.8,27,1339,1,221.15
2719,543,317.68,396.32,1,1372,6,215.88
2720,544,609.13,226.11,1,1408,1,230.46
2721,544,1030.42,1041.58,12,1384,5,251.52
2722,544,486.52,10.0,16,1369,4,224.33
2723,544,449.04,644.69,1,1332,3,222.45
2724,544,130.29,255.69,5,1413,0,206.51
2725,545,624.19,712.01,16,1336,0,231.21
2726,545,406.23,544.01,18,1371,7,220.31
2727,545,549.9,332.11,23,1394,5,227.5
2728,545,756.44,1056.31,12,1372,6,237.82
2729,545,762.97,748.66,1,1402,3,238.15
2730,546,640.88,676.5,12,1300,4,232.04
2731,546,236.26,214.62,8,1281,3,211.81
2732,546,623.27,10.0,13,1322,2,231.16
2733,546,636.98,178.39,1,1352,6,231.85
2734,546,549.68,1049.65,1,1363,6,227.48
2735,547,494.37,50.37,7,1324,7,224.72
2736,547,731.7,1187.06,13,1381,7,236.59
2737,547,629.14,12.62,12,1378,6,231.46
2738,547,429.84,351.72,24,1352,1,221.49
2739,547,459.9,10.0,14,1383,4,223.0
2740,548,700.85,529.07,3,1423,3,235.04
2741,548,322.11,385.33,18,1342,4,216.11
2742,548,601.93,1108.27,15,1413,3,230.1
2743,548,136.15,842.9,7,1362,3,206.81
2744,548,690.75,920.63,9,1389,1,234.54
2745,549,621.88,449.77,17,1311,3,231.09
2746,549,386.03,722.15,12,1325,5,219.3
2747,549,583.97,10.0,16,1394,3,229.2
2748,549,693.77,976.8,3,1431,6,234.69
2749,549,990.95,248.14,20,1431,3,249.55
2750,550,927.29,563.47,1,1356,6,246.36
2751,550,747.02,435.85,6,1359,4,237.35
2752,550,561.39,763.89,1,1379,4,228.07
2753,550,176.94,44.67,1,1376,1,208.85
2754,550,65.97,366.09,21,1368,4,203.3
2755,551,912.47,429.55,4,1363,6,245.62
2756,551,561.06,10.0,11,1340,1,228.05
2757,551,864.46,673.53,20,1388,2,243.22
2758,551,10.0,1033.57,11,1428,7,200.5
2759,551,268.57,368.11,4,1420,4,213.43
2760,552,255.97,939.07,21,1397,4,212.8
2761,552,417.81,729.5,1,1326,2,220.89
2762,552,291.25,978.38,18,1418,1,214.56
2763,552,601.2,540.99,17,1391,0,230.06
2764,552,627.61,1104.95,8,1363,5,231.38
2765,553,458.21,250.32,1,1384,3,222.91
2766,553,163.35,209.2,21,1391,0,208.17
2767,553,173.81,416.97,3,1502,3,208.69
2768,553,10.0,657.51,15,1417,1,200.5
2769,553,820.4,740.0,23,1353,6,241.02
2770,554,541.46,618.45,5,1371,0,227.07
2771,554,439.48,172.49,5,1351,4,221.97
2772,554,701.89,233.66,15,1396,6,235.09
2773,554,169.25,855.01,5,1315,3,208.46
2774,554,246.21,10.0,6,1364,2,212.31
2775,555,350.74,424.46,19,1352,3,217.54
2776,555,350.72,1006.82,11,1331,3,217.54
2777,555,1003.17,285.62,8,1380,4,250.16
2778,555,573.2,576.77,21,1329,4,228.66
2779,555,514.79,10.0,27,1421,2,225.74
2780,556,630.9,356.03,2,1363,2,231.54
2781,556,863.92,354.82,9,1399,5,243.2
2782,556,740.82,232.89,9,1432,6,237.04
2783,556,749.78,1339.58,1,1429,2,237.49
2784,556,808.75,522.82,8,1417,6,240.44
2785,557,360.01,10.0,27,1373,3,218.0
2786,557,647.54,809.36,3,1425,0,232.38
2787,557,658.44,629.27,1,1362,3,232.92
2788,557,707.55,10.0,18,1387,6,235.38
2789,557,430.36,429.13,10,1423,7,221.52
2790,558,702.83,969.16,14,1424,3,235.14
2791,558,292.64,1249.71,10,1368,6,214.63
2792,558,607.54,11.33,2,1347,4,230.38
2793,558,762.68,496.14,10,1408,4,238.13
2794,558,620.68,879.7,8,1413,1,231.03
2795,559,475.78,53.65,6,1376,6,223.79
2796,559,787.38,298.84,23,1402,5,239.37
2797,559,688.85,230.8,11,1373,5,234.44
2798,559,47.42,598.47,8,1385,1,202.37
2799,559,10.0,931.81,2,1416,0,200.5
2800,560,536.96,322.89,5,1413,3,226.85
2801,560,959.57,370.83,17,1360,0,247.98
2802,560,542.15,1159.68,3,1368,4,227.11
2803,560,237.63,443.3,16,1427,3,211.88
2804,560,757.58,109.46,16,1434,6,237.88
2805,561,664.67,99.92,27,1465,6,233.23
2806,561,10.0,411.77,4,1360,4,200.5
2807,561,694.36,805.72,1,1339,7,234.72
2808,561,1121.34,64.66,6,1440,7,256.07
2809,561,234.18,48.26,9,1469,0,211.71
2810,562,301.89,988.96,1,1398,1,215.09
2811,562,909.09,10.0,10,1402,6,245.45
2812,562,990.67,10.0,11,1384,5,249.53
2813,562,137.1,838.38,8,1371,4,206.85
2814,562,943.02,251.15,1,1421,6,247.15
2815,563,157.01,798.34,22,1407,1,207.85
2816,563,251.75,10.0,21,1391,6,212.59
2817,563,1195.7,108.28,5,1452,2,259.79
2818,563,324.93,1317.98,4,1317,6,216.25
2819,563,701.58,440.84,11,1373,2,235.08
2820,564,680.43,849.06,7,1422,0,234.02
2821,564,553.95,690.33,15,1322,1,227.7
2822,564,1133.63,585.81,1,1431,4,256.68
2823,564,782.11,853.08,2,1442,7,239.11
2824,564,652.95,791.77,12,1413,4,232.65
2825,565,882.9,1191.69,19,1413,4,244.14
2826,565,260.34,968.27,6,1360,5,213.02
2827,565,10.0,440.49,1,1401,2,200.5
2828,565,387.52,236.98,6,1449,3,219.38
2829,565,485.98,473.0,1,1448,6,224.3
2830,566,10.0,610.97,14,1396,0,200.5
2831,566,958.98,1263.99,3,1444,4,247.95
2832,566,353.79,448.48,21,1478,7,217.69
2833,566,829.23,60.57,29,1325,0,241.46
2834,566,413.69,400.09,8,1445,1,220.68
2835,567,826.93,165.14,14,1446,6,241.35
2836,567,575.8,477.83,12,1405,3,228.79
2837,567,475.23,382.28,21,1386,6,223.76
2838,567,249.75,717.0,1,1461,6,212.49
2839,567,543.61,21.11,20,1463,1,227.18
2840,568,523.78,1403.71,1,1465,5,226.19
2841,568,596.6,314.0,16,1414,4,229.83
2842,568,256.09,190.54,14,1368,3,212.8
2843,568,586.78,566.11,11,1300,6,229.34
2844,568,882.58,910.91,1,1403,1,244.13
2845,569,393.83,1148.07,7,1442,0,219.69
2846,569,352.95,922.41,9,1463,2,217.65
2847,569,625.87,449.73,5,1379,4,231.29
2848,569,444.73,982.43,8,1471,3,222.24
2849,569,229.13,989.16,10,1514,5,211.46
2850,570,722.87,10.0,8,1384,7,236.14
2851,570,245.83,596.27,10,1472,6,212.29
2852,570,21.88,336.4,14,1407,4,201.09
2853,570,675.52,144.34,1,1332,0,233.78
2854,570,635.69,679.43,20,1406,7,231.78
2855,571,827.62,441.71,22,1366,4,241.38
2856,571,596.45,126.24,14,1421,2,229.82
2857,571,527.78,147.36,13,1367,1,226.39
2858,571,599.04,1013.5,15,1421,7,229.95
2859,571,595.85,869.73,10,1456,2,229.79
2860,572,851.28,494.49,13,1367,5,242.56
2861,572,574.4,443.47,3,1431,3,228.72
2862,572,961.36,841.98,18,1482,3,248.07
2863,572,839.93,92.05,14,1457,5,242.0
2864,572,461.04,1283.26,14,1481,3,223.05
2865,573,779.88,131.09,16,1452,3,238.99
2866,573,341.07,223.86,20,1407,7,217.05
2867,573,695.5,10.0,1,1444,7,234.77
2868,573,484.66,1026.05,6,1373,6,224.23
2869,573,609.1,57.26,1,1453,2,230.46
2870,574,839.89,704.03,1,1418,0,241.99
2871,574,319.4,10.0,16,1361,1,215.97
2872,574,617.7,973.11,1,1444,6,230.88
2873,574,468.8,1325.21,20,1470,0,223.44
2874,574,414.76,711.03,9,1438,1,220.74
2875,575,206.55,677.72,14,1465,2,210.33
2876,575,460.94,491.13,1,1366,5,223.05
2877,575,102.98,627.92,20,1449,1,205.15
2878,575,400.52,801.63,10,1439,2,220.03
2879,575,592.63,583.86,8,1470,2,229.63
2880,576,332.53,425.34,25,1519,2,216.63
2881,576,661.89,35.36,3,1456,1,233.09
2882,576,693.59,675.21,12,1433,1,234.68
2883,576,399.98,824.6,7,1488,4,220.0
2884,576,115.88,573.86,7,1440,6,205.79
2885,577,570.19,254.94,1,1416,5,228.51
2886,577,774.02,584.92,20,1392,3,238.7
2887,577,1021.37,104.73,11,1393,7,251.07
2888,577,527.53,229.21,19,1481,1,226.38
2889,577,474.9,522.27,1,1491,7,223.74
2890,578,844.26,827.99,17,1432,4,242.21
2891,578,362.36,1467.76,17,1416,7,218.12
2892,578,768.38,423.76,11,1466,3,238.42
2893,578,10.0,546.87,14,1465,7,200.5
2894,578,665.34,116.11,8,1470,3,233.27
2895,579,709.65,297.06,1,1459,3,235.48
2896,579,10.0,157.1,1,1528,3,200.5
2897,579,988.29,685.62,6,1420,3,249.41
2898,579,618.24,451.48,18,1361,2,230.91
2899,579,10.0,548.16,17,1467,7,200.5
2900,580,299.26,10.0,1,1466,3,214.96
2901,580,1009.68,310.18,1,1468,2,250.48
2902,580,353.36,583.17,14,1395,3,217.67
2903,580,308.88,296.08,15,1380,0,215.44
2904,580,70.8,839.4,13,1464,7,203.54
2905,581,923.91,307.49,1,1445,3,246.2
2906,581,397.82,410.28,1,1453,7,219.89
2907,581,554.97,1011.01,9,1433,1,227.75
2908,581,112.11,410.78,11,1464,1,205.61
2909,581,280.36,10.0,11,1432,7,214.02
2910,582,73.91,866.95,21,1429,0,203.7
2911,582,790.63,10.0,1,1534,6,239.53
2912,582,549.28,259.74,1,1511,6,227.46
2913,582,202.81,969.05,2,1479,6,210.14
2914,582,311.67,359.73,2,1473,0,215.58
2915,583,287.78,95.62,6,1408,3,214.39
2916,583,447.46,768.87,4,1517,3,222.37
2917,583,779.83,894.84,16,1454,4,238.99
2918,583,1034.14,285.04,12,1524,1,251.71
2919,583,890.42,10.0,16,1466,6,244.52
2920,584,158.34,689.75,17,1419,6,207.92
2921,584,687.57,770.69,1,1378,2,234.38
2922,584,720.44,62.12,1,1511,7,236.02
2923,584,10.0,53.52,10,1362,5,200.5
2924,584,120.95,10.0,10,1489,1,206.05
2925,585,409.26,883.01,9,1505,3,220.46
2926,585,689.65,550.37,27,1499,0,234.48
2927,585,629.12,213.31,14,1456,4,231.46
2928,585,206.29,804.54,7,1496,3,210.31
2929,585,211.93,195.26,19,1507,5,210.6
2930,586,738.39,456.67,10,1456,6,236.92
2931,586,585.81,10.0,5,1448,3,229.29
2932,586,396.74,864.95,13,1421,2,219.84
2933,586,371.01,758.52,17,1488,0,218.55
2934,586,1000.77,146.29,12,1524,4,250.04
2935,587,1000.63,320.55,6,1476,5,250.03
2936,587,548.75,460.55,9,1550,6,227.44
2937,587,474.64,10.0,13,1393,7,223.73
2938,587,558.21,1402.7,16,1477,6,227.91
2939,587,658.4,550.21,11,1459,7,232.92
2940,588,746.78,978.65,24,1514,3,237.34
2941,588,451.32,363.27,6,1479,3,222.57
2942,588,40.72,209.24,1,1452,2,202.04
2943,588,10.0,594.98,18,1437,4,200.5
2944,588,966.15,932.83,14,1525,4,248.31
2945,589,151.08,35.61,11,1520,7,207.55
2946,589,212.32,769.66,12,1456,6,210.62
2947,589,703.08,12.65,15,1443,2,235.15
2948,589,364.54,527.08,4,1456,4,218.23
2949,589,1464.81,150.17,1,1425,3,273.24
2950,590,365.83,490.94,1,1460,7,218.29
2951,590,189.73,612.54,8,1447,0,209.49
2952,590,806.42,29.33,10,1442,7,240.32
2953,590,696.6,259.93,12,1533,1,234.83
2954,590,72.06,10.0,22,1484,0,203.6
2955,591,528.06,427.04,1,1459,6,226.4
2956,591,599.03,743.46,18,1467,0,229.95
2957,591,610.7,538.59,7,1464,6,230.54
2958,591,434.14,788.01,5,1461,1,221.71
2959,591,375.31,351.04,6,1489,7,218.77
2960,592,10.0,671.54,3,1544,2,200.5
2961,592,56.13,51.21,7,1553,1,202.81
2962,592,540.1,10.0,11,1501,3,227.01
2963,592,139.95,676.11,12,1563,0,207.0
2964,592,1014.03,1034.17,3,1510,6,250.7
2965,593,729.53,793.29,3,1582,3,236.48
2966,593,394.6,507.1,16,1481,2,219.73
2967,593,216.05,429.29,4,1478,2,210.8
2968,593,128.26,882.81,13,1514,5,206.41
2969,593,697.38,676.38,8,1501,3,234.87
2970,594,558.69,178.43,6,1468,1,227.93
2971,594,476.15,1011.53,19,1458,1,223.81
2972,594,565.99,297.64,6,1481,5,228.3
2973,594,227.63,188.85,30,1429,1,211.38
2974,594,1044.39,540.32,9,1423,7,252.22
2975,595,207.56,964.54,23,1469,1,210.38
2976,595,415.21,417.06,7,1480,7,220.76
2977,595,951.95,431.59,6,1566,7,247.6
2978,595,750.5,839.93,8,1405,1,237.52
2979,595,464.8,604.41,23,1467,1,223.24
2980,596,304.45,747.51,17,1493,2,215.22
2981,596,1246.89,621.06,15,1485,1,262.34
2982,596,896.89,148.39,18,1554,4,244.84
2983,596,92.46,10.0,8,1542,5,204.62
2984,596,792.42,1283.52,10,1581,1,239.62
2985,597,409.55,1030.84,8,1515,6,220.48
2986,597,738.48,1277.61,1,1487,4,236.92
2987,597,838.58,320.35,12,1478,1,241.93
2988,597,10.0,334.1,21,1443,5,200.5
2989,597,195.03,238.79,28,1512,6,209.75
2990,598,90.79,643.29,7,1540,6,204.54
2991,598,448.22,1296.87,25,1557,3,222.41
2992,598,406.41,255.84,19,1421,0,220.32
2993,598,454.67,713.05,8,1515,1,222.73
2994,598,1084.19,948.78,7,1485,3,254.21
2995,599,989.46,1090.51,1,1499,3,249.47
2996,599,67.99,479.17,11,1491,3,203.4
2997,599,432.62,10.0,1,1535,0,221.63
2998,599,464.54,497.13,1,1502,4,223.23
2999,599,296.96,299.93,1,1488,3,214.85
3000,600,464.88,746.42,17,1515,0,223.24
3001,600,307.17,392.19,12,1510,0,215.36
3002,600,56.67,10.0,10,1559,1,202.83
3003,600,10.0,478.06,18,1481,5,200.5
3004,600,633.09,10.0,1,1516,7,231.65
3005,601,92.17,631.91,11,1524,5,204.61
3006,601,461.79,597.84,4,1449,0,223.09
3007,601,1238.34,753.4,16,1518,4,261.92
3008,601,402.94,676.2,13,1433,2,220.15
3009,601,599.57,10.0,8,1488,6,229.98
3010,602,1238.9,377.36,8,1509,2,261.95
3011,602,373.67,741.97,14,1490,0,218.68
3012,602,455.5,10.0,15,1526,4,222.78
3013,602,541.51,10.0,17,1475,5,227.08
3014,602,512.97,139.03,13,1508,6,225.65
3015,603,865.69,704.99,6,1490,4,243.28
3016,603,731.13,150.13,13,1477,6,236.56
3017,603,374.22,360.5,1,1489,6,218.71
3018,603,534.97,798.51,11,1493,3,226.75
3019,603,424.54,969.88,17,1504,7,221.23
3020,604,366.57,405.27,1,1495,2,218.33
3021,604,330.17,622.11,8,1467,5,216.51
3022,604,1214.12,950.27,15,1466,3,260.71
3023,604,649.71,682.26,11,1568,7,232.49
3024,604,564.97,78.75,15,1455,0,228.25
3025,605,10.0,77.48,4,1474,5,200.5
3026,605,521.93,136.15,2,1448,1,226.1
3027,605,10.0,654.28,21,1472,7,200.5
3028,605,10.0,431.51,18,1524,0,200.5
3029,605,862.83,352.39,10,1579,6,243.14
3030,606,238.25,242.2,16,1540,5,211.91
3031,606,1284.62,831.16,16,1497,7,264.23
3032,606,588.22,473.36,1,1512,2,229.41
3033,606,276.59,665.3,1,1527,0,213.83
3034,606,593.97,526.37,13,1519,6,229.7
3035,607,515.33,684.46,1,1490,3,225.77
3036,607,854.01,584.0,1,1568,2,242.7
3037,607,456.06,391.16,20,1473,1,222.8
3038,607,768.0,794.83,6,1511,7,238.4
3039,607,888.18,56.79,7,1558,2,244.41
3040,608,494.85,290.06,17,1478,3,224.74
3041,608,365.45,711.24,1,1463,6,218.27
3042,608,727.33,321.42,2,1472,7,236.37
3043,608,556.57,556.01,9,1496,0,227.83
3044,608,155.52,38.15,3,1542,5,207.78
3045,609,359.14,499.63,1,1476,7,217.96
3046,609,569.5,198.91,7,1452,7,228.48
3047,609,649.29,10.0,21,1524,0,232.46
3048,609,800.03,378.66,16,1572,6,240.0
3049,609,401.47,763.06,8,1542,3,220.07
3050,610,1024.12,288.0,1,1589,4,251.21
3051,610,375.31,582.1,6,1505,5,218.77
3052,610,318.1,62.58,1,1536,1,215.91
3053,610,812.5,57.28,24,1414,3,240.63
3054,610,911.24,528.35,6,1496,6,245.56
3055,611,73.81,447.6,25,1513,3,203.69
3056,611,778.62,1204.4,16,1536,0,238.93
3057,611,476.68,1412.36,1,1540,1,223.83
3058,611,1121.78,1261.87,5,1536,6,256.09
3059,611,499.56,763.19,9,1519,7,224.98
3060,612,831.7,731.69,26,1458,3,241.58
3061,612,330.16,80.42,2,1529,5,216.51
3062,612,333.38,216.03,4,1569,5,216.67
3063,612,787.33,674.18,18,1465,6,239.37
3064,612,31.33,10.0,9,1493,4,201.57
3065,613,827.3,900.98,16,1596,6,241.36
3066,613,701.38,10.0,18,1528,2,235.07
3067,613,643.21,10.0,3,1565,6,232.16
3068,613,185.94,751.28,7,1502,7,209.3
3069,613,577.02,387.46,12,1562,3,228.85
3070,614,856.42,972.73,21,1539,0,242.82
3071,614,1185.56,1369.31,6,1595,7,259.28
3072,614,287.87,883.93,17,1497,3,214.39
3073,614,296.12,10.0,23,1527,2,214.81
3074,614,969.64,719.55,7,1551,7,248.48
3075,615,1002.04,59.22,6,1498,0,250.1
3076,615,346.33,194.61,17,1591,6,217.32
3077,615,184.04,358.46,17,1498,1,209.2
3078,615,674.41,10.0,1,1578,0,233.72
3079,615,194.91,214.98,11,1563,7,209.75
3080,616,553.18,540.18,4,1541,1,227.66
3081,616,726.37,567.39,14,1555,2,236.32
3082,616,839.69,10.0,1,1530,6,241.98
3083,616,431.7,10.05,6,1493,2,221.58
3084,616,364.73,602.7,17,1509,7,218.24
3085,617,316.71,671.45,15,1483,3,215.84
3086,617,669.56,851.72,15,1523,6,233.48
3087,617,10.0,270.69,10,1516,6,200.5
3088,617,109.72,543.9,17,1569,1,205.49
3089,617,748.26,458.04,6,1576,6,237.41
3090,618,798.32,507.14,15,1532,2,239.92
3091,618,527.58,10.0,29,1529,0,226.38
3092,618,653.94,987.97,1,1530,0,232.7
3093,618,817.48,284.49,15,1534,5,240.87
3094,618,471.73,575.86,4,1534,1,223.59
3095,619,78.37,709.16,18,1519,6,203.92
3096,619,868.99,72.22,7,1549,2,243.45
3097,619,891.2,32.88,1,1521,1,244.56
3098,619,10.0,936.41,23,1527,1,200.5
3099,619,454.97,691.98,12,1490,6,222.75
3100,620,486.59,813.7,10,1457,5,224.33
3101,620,301.33,438.0,11,1517,7,215.07
3102,620,209.82,656.19,8,1579,0,210.49
3103,620,579.18,10.0,18,1496,1,228.96
3104,620,372.04,790.84,1,1552,2,218.6
3105,621,393.05,124.62,22,1548,1,219.65
3106,621,384.13,947.56,20,1624,2,219.21
3107,621,796.99,649.56,27,1550,4,239.85
3108,621,10.0,636.96,3,1566,3,200.5
3109,621,781.42,10.0,18,1555,7,239.07
3110,622,136.47,770.74,17,1492,2,206.82
3111,622,586.25,432.26,1,1605,2,229.31
3112,622,755.37,938.92,1,1504,4,237.77
3113,622,583.06,780.5,1,1584,1,229.15
3114,622,484.03,140.6,1,1519,1,224.2
3115,623,762.8,1218.7,7,1603,2,238.14
3116,623,369.81,1000.88,17,1537,3,218.49
3117,623,613.54,611.17,9,1630,1,230.68
3118,623,294.18,359.13,11,1571,1,214.71
3119,623,441.4,211.76,9,1577,3,222.07
3120,624,332.48,957.06,4,1550,3,216.62
3121,624,156.95,655.76,23,1605,6,207.85
3122,624,720.67,694.83,9,1552,1,236.03
3123,624,426.17,157.03,1,1557,5,221.31
3124,624,890.09,525.16,15,1596,2,244.5
3125,625,242.88,1169.5,7,1581,1,212.14
3126,625,359.28,1165.17,21,1503,5,217.96
3127,625,199.04,348.3,3,1574,3,209.95
3128,625,722.82,15.99,24,1542,0,236.14
3129,625,699.88,1444.38,1,1567,0,234.99
3130,626,828.25,1228.01,15,1607,1,241.41
3131,626,590.8,10.0,9,1597,0,229.54
3132,626,397.4,1674.39,17,1615,1,219.87
3133,626,455.84,1067.15,20,1588,6,222.79
3134,626,755.6,1125.58,6,1610,4,237.78
3135,627,666.93,427.03,3,1613,3,233.35
3136,627,298.55,480.35,7,1565,2,214.93
3137,627,238.45,234.8,13,1500,2,211.92
3138,627,790.07,629.07,14,1519,3,239.5
3139,627,654.21,10.0,18,1622,1,232.71
3140,628,455.0,425.56,6,1614,6,222.75
3141,628,860.64,144.46,8,1573,4,243.03
3142,628,340.16,840.0,1,1522,0,217.01
3143,628,427.82,420.93,14,1522,5,221.39
3144,628,286.03,225.18,27,1561,1,214.3
3145,629,877.26,1183.43,8,1495,2,243.86
3146,629,469.82,232.18,6,1570,2,223.49
3147,629,775.85,1219.32,1,1620,1,238.79
3148,629,661.93,10.0,1,1588,0,233.1
3149,629,193.96,612.37,3,1567,6,209.7
3150,630,521.71,10.0,17,1568,4,226.09
3151,630,162.75,55.86,12,1574,3,208.14
3152,630,465.3,635.57,19,1540,3,223.27
3153,630,932.29,10.0,9,1581,6,246.61
3154,630,692.49,10.0,10,1558,0,234.62
3155,631,10.0,580.17,1,1557,4,200.5
3156,631,659.61,549.84,21,1538,0,232.98
3157,631,767.6,537.58,13,1537,6,238.38
3158,631,546.46,615.72,16,1565,3,227.32
3159,631,10.0,124.67,19,1622,3,200.5
3160,632,249.01,1214.63,11,1659,6,212.45
3161,632,100.62,328.87,6,1586,0,205.03
3162,632,503.35,669.83,22,1594,7,225.17
3163,632,466.64,1307.45,7,1524,6,223.33
3164,632,1226.44,624.99,14,1540,0,261.32
3165,633,848.38,259.05,1,1522,5,242.42
3166,633,260.44,10.0,13,1579,1,213.02
3167,633,718.09,270.34,8,1580,7,235.9
3168,633,17.94,603.11,15,1608,2,200.9
3169,633,366.44,850.61,10,1564,1,218.32
3170,634,688.74,10.0,5,1556,6,234.44
3171,634,176.65,791.68,11,1660,3,208.83
3172,634,785.7,10.0,1,1688,4,239.28
3173,634,802.08,473.15,1,1555,0,240.1
3174,634,1076.37,561.54,16,1662,7,253.82
3175,635,289.23,1203.04,4,1554,6,214.46
3176,635,501.13,590.27,18,1577,5,225.06
3177,635,525.58,419.25,8,1630,7,226.28
3178,635,575.86,1213.85,7,1638,0,228.79
3179,635,57.23,1097.29,13,1609,2,202.86
3180,636,389.43,1117.55,9,1616,1,219.47
3181,636,247.88,402.43,17,1586,6,212.39
3182,636,470.66,973.99,6,1606,5,223.53
3183,636,603.42,640.56,24,1546,6,230.17
3184,636,648.92,786.56,18,1611,7,232.45
3185,637,630.04,1518.94,14,1637,3,231.5
3186,637,864.76,695.21,14,1616,0,243.24
3187,637,409.73,280.42,10,1581,5,220.49
3188,637,216.62,1425.55,19,1594,0,210.83
3189,637,250.25,1213.05,7,1545,4,212.51
3190,638,236.12,657.93,2,1661,5,211.81
3191,638,732.7,1069.34,5,1563,1,236.63
3192,638,348.37,620.76,9,1574,3,217.42
3193,638,936.94,153.83,7,1636,4,246.85
3194,638,94.54,21.13,11,1639,0,204.73
3195,639,10.0,10.0,23,1574,7,200.5
3196,639,637.06,583.03,8,1563,7,231.85
3197,639,413.35,181.59,24,1643,4,220.67
3198,639,357.51,174.41,16,1600,5,217.88
3199,639,1170.13,375.02,5,1653,6,258.51
3200,640,913.93,513.42,5,1565,6,245.7
3201,640,786.59,623.66,6,1609,3,239.33
3202,640,764.88,13.78,6,1574,7,238.24
3203,640,272.69,1145.94,1,1627,1,213.63
3204,640,471.91,298.15,9,1595,4,223.6
3205,641,544.22,748.98,11,1573,4,227.21
3206,641,374.93,83.6,26,1565,2,218.75
3207,641,718.5,813.5,14,1615,1,235.93
3208,641,812.15,452.41,21,1614,4,240.61
3209,641,1138.94,10.0,4,1614,4,256.95
3210,642,562.06,1032.32,5,1579,6,228.1
3211,642,694.36,858.35,7,1583,3,234.72
3212,642,781.79,252.06,6,1623,4,239.09
3213,642,404.64,946.22,15,1646,1,220.23
3214,642,172.88,1145.34,11,1595,2,208.64
3215,643,10.0,488.55,17,1623,3,200.5
3216,643,711.83,1471.9,1,1491,6,235.59
3217,643,339.55,10.0,20,1618,1,216.98
3218,643,433.75,597.78,1,1694,4,221.69
3219,643,193.62,10.0,18,1685,1,209.68
3220,644,996.63,162.61,4,1655,2,249.83
3221,644,614.82,407.71,6,1626,4,230.74
3222,644,445.83,88.14,13,1608,3,222.29
3223,644,558.11,61.05,1,1527,4,227.91
3224,644,580.62,10.0,18,1547,6,229.03
3225,645,650.72,639.38,13,1551,7,232.54
3226,645,680.47,145.74,17,1676,5,234.02
3227,645,11.3,376.5,12,1653,7,200.56
3228,645,679.98,167.93,9,1551,6,234.0
3229,645,519.35,530.87,25,1611,1,225.97
3230,646,16.95,353.14,3,1615,2,200.85
3231,646,440.76,10.0,18,1574,3,222.04
3232,646,573.15,399.83,1,1589,3,228.66
3233,646,1194.33,412.07,4,1633,2,259.72
3234,646,353.64,514.51,12,1617,5,217.68
3235,647,424.28,219.47,13,1527,5,221.21
3236,647,629.16,229.94,1,1643,4,231.46
3237,647,695.74,772.97,2,1653,7,234.79
3238,647,376.72,467.95,8,1599,7,218.84
3239,647,10.0,589.83,11,1650,2,200.5
3240,648,10.0,688.53,10,1658,2,200.5
3241,648,535.8,367.79,13,1686,1,226.79
3242,648,686.25,252.88,21,1653,3,234.31
3243,648,552.15,476.88,6,1631,4,227.61
3244,648,509.82,511.03,13,1685,3,225.49
3245,649,322.45,207.02,17,1687,6,216.12
3246,649,300.01,698.7,10,1629,4,215.0
3247,649,587.51,749.44,1,1543,1,229.38
3248,649,575.98,671.53,1,1587,7,228.8
3249,649,412.59,373.87,11,1598,1,220.63
3250,650,696.78,10.0,1,1620,5,234.84
3251,650,328.19,10.0,2,1676,2,216.41
3252,650,673.83,806.74,1,1697,6,233.69
3253,650,627.2,1073.88,20,1677,5,231.36
3254,650,532.16,633.2,1,1671,2,226.61
3255,651,78.02,901.2,12,1620,4,203.9
3256,651,577.92,10.0,6,1656,5,228.9
3257,651,176.21,182.08,12,1637,0,208.81
3258,651,188.01,255.23,10,1627,1,209.4
3259,651,602.49,383.48,14,1573,3,230.12
3260,652,813.38,10.0,9,1602,3,240.67
3261,652,741.35,434.78,1,1673,5,237.07
3262,652,1068.67,10.0,11,1694,6,253.43
3263,652,335.57,10.0,9,1636,5,216.78
3264,652,777.72,1069.47,14,1662,6,238.89
3265,653,498.12,905.99,19,1680,0,224.91
3266,653,492.85,292.24,9,1650,1,224.64
3267,653,521.91,491.96,23,1684,7,226.1
3268,653,10.0,725.68,6,1714,4,200.5
3269,653,672.52,536.83,12,1663,2,233.63
3270,654,825.78,613.13,17,1593,6,241.29
3271,654,640.33,333.43,8,1659,7,232.02
3272,654,400.06,932.12,14,1620,1,220.0
3273,654,313.82,386.6,19,1587,6,215.69
3274,654,402.47,423.16,6,1646,1,220.12
3275,655,673.22,28.86,8,1651,3,233.66
3276,655,391.78,552.7,7,1679,2,219.59
3277,655,870.98,636.22,18,1688,0,243.55
3278,655,672.22,1283.25,17,1646,4,233.61
3279,655,213.04,786.79,13,1615,7,210.65
3280,656,973.5,447.15,21,1691,6,248.68
3281,656,462.6,126.98,1,1724,4,223.13
3282,656,179.27,161.91,1,1716,0,208.96
3283,656,821.26,447.02,11,1606,5,241.06
3284,656,136.38,557.55,13,1648,1,206.82
3285,657,701.2,343.73,5,1648,2,235.06
3286,657,554.64,1043.91,7,1621,4,227.73
3287,657,194.72,916.94,9,1606,3,209.74
3288,657,484.38,667.55,2,1652,5,224.22
3289,657,650.35,881.04,7,1685,4,232.52
3290,658,589.76,399.68,5,1700,5,229.49
3291,658,682.15,598.83,8,1624,4,234.11
3292,658,566.74,966.22,6,1610,6,228.34
3293,658,174.88,746.71,20,1625,6,208.74
3294,658,209.57,689.49,6,1564,7,210.48
3295,659,537.88,987.53,5,1673,6,226.89
3296,659,720.45,1109.08,1,1566,5,236.02
3297,659,381.91,1434.63,8,1623,0,219.1
3298,659,795.95,548.15,1,1623,6,239.8
3299,659,755.81,192.51,11,1635,5,237.79
3300,660,313.15,656.63,20,1627,4,215.66
3301,660,296.97,1118.05,11,1647,7,214.85
3302,660,10.0,951.44,9,1656,4,200.5
3303,660,783.35,1144.88,1,1688,3,239.17
3304,660,584.6,519.27,9,1647,3,229.23
3305,661,1077.72,377.61,13,1641,4,253.89
3306,661,10.0,300.4,18,1592,7,200.5
3307,661,506.19,553.13,1,1636,6,225.31
3308,661,461.27,731.43,13,1637,7,223.06
3309,661,1080.51,401.22,1,1672,0,254.03
3310,662,1036.83,505.16,6,1613,6,251.84
3311,662,10.0,864.91,7,1621,3,200.5
3312,662,901.23,1230.86,26,1647,2,245.06
3313,662,327.13,1044.02,12,1653,4,216.36
3314,662,1000.82,10.0,4,1653,7,250.04
3315,663,822.53,680.6,25,1715,0,241.13
3316,663,158.32,535.63,4,1666,7,207.92
3317,663,401.21,493.58,6,1706,4,220.06
3318,663,146.32,1338.85,1,1690,0,207.32
3319,663,682.76,10.0,12,1673,1,234.14
3320,664,67.28,10.0,1,1704,4,203.36
3321,664,690.68,763.02,7,1600,3,234.53
3322,664,290.13,10.0,10,1691,2,214.51
3323,664,94.45,844.54,17,1619,7,204.72
3324,664,1229.61,515.69,12,1605,3,261.48
3325,665,762.04,76.37,16,1695,2,238.1
3326,665,481.25,916.44,3,1773,5,224.06
3327,665,1511.55,376.17,15,1558,0,275.58
3328,665,625.38,661.32,16,1693,1,231.27
3329,665,506.57,991.47,17,1660,2,225.33
3330,666,895.58,52.84,18,1646,4,244.78
3331,666,43.25,675.4,3,1659,0,202.16
3332,666,368.81,539.6,23,1659,4,218.44
3333,666,450.52,544.69,11,1630,7,222.53
3334,666,698.08,145.58,4,1698,6,234.9
3335,667,149.74,244.96,9,1640,7,207.49
3336,667,768.59,785.7,27,1718,7,238.43
3337,667,26.85,766.94,25,1691,5,201.34
3338,667,271.56,762.6,8,1664,0,213.58
3339,667,298.1,641.61,1,1616,1,214.9
3340,668,569.32,390.29,8,1661,3,228.47
3341,668,528.49,10.0,7,1701,4,226.42
3342,668,328.88,52.97,24,1661,2,216.44
3343,668,389.11,657.07,22,1684,6,219.46
3344,668,312.21,495.92,20,1710,2,215.61
3345,669,501.27,10.0,8,1781,3,225.06
3346,669,524.05,915.46,5,1711,6,226.2
3347,669,668.03,510.07,1,1647,5,233.4
3348,669,779.47,518.57,4,1677,0,238.97
3349,669,473.53,995.38,2,1722,0,223.68
3350,670,573.15,10.0,10,1661,1,228.66
3351,670,610.1,523.32,10,1710,3,230.51
3352,670,29.89,565.37,8,1639,3,201.49
3353,670,168.76,634.74,16,1738,6,208.44
3354,670,183.25,107.61,15,1714,2,209.16
3355,671,693.4,587.77,17,1653,1,234.67
3356,671,10.0,967.69,3,1659,3,200.5
3357,671,226.54,429.12,8,1661,0,211.33
3358,671,466.54,1728.53,16,1669,0,223.33
3359,671,476.34,557.58,1,1669,7,223.82
3360,672,728.75,389.09,22,1707,0,236.44
3361,672,488.39,1483.79,11,1706,7,224.42
3362,672,421.87,378.89,20,1727,0,221.09
3363,672,138.65,584.06,15,1640,2,206.93
3364,672,398.94,434.51,18,1667,7,219.95
3365,673,424.06,912.42,3,1628,6,221.2
3366,673,524.99,627.3,1,1657,5,226.25
3367,673,729.96,10.0,7,1701,0,236.5
3368,673,281.35,299.53,22,1708,6,214.07
3369,673,64.37,107.82,31,1657,4,203.22
3370,674,139.19,456.5,10,1650,2,206.96
3371,674,458.89,1251.64,1,1640,0,222.94
3372,674,415.12,723.76,1,1671,7,220.76
3373,674,118.62,398.43,12,1615,1,205.93
3374,674,145.85,393.79,15,1702,0,207.29
3375,675,427.2,522.52,2,1690,0,221.36
3376,675,308.87,731.23,8,1691,3,215.44
3377,675,293.33,934.0,1,1680,0,214.67
3378,675,239.98,561.54,16,1671,5,212.0
3379,675,442.04,853.68,5,1655,7,222.1
3380,676,353.64,830.18,1,1757,7,217.68
3381,676,558.43,1068.9,12,1724,0,227.92
3382,676,595.95,1115.54,19,1631,3,229.8
3383,676,480.87,445.68,17,1685,3,224.04
3384,676,589.56,1312.75,1,1733,7,229.48
3385,677,666.91,409.38,15,1749,3,233.35
3386,677,716.14,156.57,10,1700,2,235.81
3387,677,747.04,325.96,23,1701,3,237.35
3388,677,634.13,140.36,15,1741,0,231.71
3389,677,833.77,851.83,7,1673,7,241.69
3390,678,381.98,858.68,13,1694,3,219.1
3391,678,100.12,754.91,4,1735,7,205.01
3392,678,1078.31,138.95,2,1698,6,253.92
3393,678,51.29,10.0,12,1737,1,202.56
3394,678,492.75,707.77,13,1706,4,224.64
3395,679,916.56,219.57,1,1743,0,245.83
3396,679,136.05,381.81,7,1685,2,206.8
3397,679,881.03,219.74,17,1654,4,244.05
3398,679,589.86,74.38,6,1709,2,229.49
3399,679,381.02,353.9,8,1726,2,219.05
3400,680,516.0,491.49,5,1753,7,225.8
3401,680,841.03,839.65,16,1742,2,242.05
3402,680,23.3,257.97,1,1720,2,201.17
3403,680,322.0,655.11,5,1740,7,216.1
3404,680,122.73,868.17,9,1717,7,206.14
3405,681,200.23,399.25,8,1667,3,210.01
3406,681,254.87,575.47,10,1797,4,212.74
3407,681,343.6,819.77,17,1643,2,217.18
3408,681,658.94,552.97,11,1717,2,232.95
3409,681,10.0,395.85,5,1688,3,200.5
3410,682,389.64,96.32,15,1669,3,219.48
3411,682,550.52,119.39,27,1677,1,227.53
3412,682,793.0,10.0,3,1755,3,239.65
3413,682,337.58,606.53,1,1636,7,216.88
3414,682,593.25,282.24,19,1822,4,229.66
3415,683,122.25,923.7,18,1608,4,206.11
3416,683,613.22,986.17,14,1685,5,230.66
3417,683,596.8,1015.24,13,1626,4,229.84
3418,683,900.03,549.91,19,1730,5,245.0
3419,683,755.2,78.53,12,1768,0,237.76
3420,684,10.0,382.93,3,1767,2,200.5
3421,684,205.4,385.78,6,1689,7,210.27
3422,684,483.17,965.19,18,1675,1,224.16
3423,684,752.46,1077.88,5,1750,4,237.62
3424,684,329.11,869.64,11,1745,1,216.46
3425,685,789.31,10.0,20,1729,6,239.47
3426,685,456.43,467.02,19,1732,2,222.82
3427,685,495.97,535.62,15,1718,2,224.8
3428,685,1100.4,1027.11,2,1720,2,255.02
3429,685,485.74,979.33,8,1728,4,224.29
3430,686,657.96,122.56,26,1695,6,232.9
3431,686,556.61,698.85,1,1682,3,227.83
3432,686,939.92,12.74,12,1705,5,247.0
3433,686,817.8,778.52,19,1722,2,240.89
3434,686,502.79,790.37,5,1689,0,225.14
3435,687,223.18,10.0,21,1717,7,211.16
3436,687,64.87,884.43,10,1684,5,203.24
3437,687,779.34,10.0,15,1742,0,238.97
3438,687,436.33,503.31,7,1736,0,221.82
3439,687,647.7,77.65,3,1719,2,232.39
3440,688,319.25,338.99,21,1663,6,215.96
3441,688,558.64,10.0,3,1722,4,227.93
3442,688,1068.98,482.16,3,1723,2,253.45
3443,688,383.01,94.12,4,1682,3,219.15
3444,688,530.79,844.49,23,1685,7,226.54
3445,689,533.07,567.71,13,1752,4,226.65
3446,689,10.0,10.0,7,1744,3,200.5
3447,689,41.3,140.23,2,1774,6,202.06
3448,689,775.25,317.56,9,1721,0,238.76
3449,689,383.05,611.2,6,1731,5,219.15
3450,690,446.2,580.71,15,1759,5,222.31
3451,690,192.87,531.57,6,1689,7,209.64
3452,690,532.07,445.26,17,1695,3,226.6
3453,690,298.03,909.89,8,1737,5,214.9
3454,690,465.56,10.0,1,1757,4,223.28
3455,691,96.97,528.29,8,1718,5,204.85
3456,691,440.64,270.34,17,1707,7,222.03
3457,691,507.39,38.83,1,1746,6,225.37
3458,691,558.1,522.3,12,1734,3,227.9
3459,691,499.72,325.68,15,1765,4,224.99
3460,692,405.15,99.97,22,1668,3,220.26
3461,692,206.84,10.0,19,1752,5,210.34
3462,692,564.2,781.74,13,1721,6,228.21
3463,692,671.13,86.16,17,1746,2,233.56
3464,692,920.47,726.48,10,1737,4,246.02
3465,693,294.09,526.73,12,1715,2,214.7
3466,693,227.4,1338.46,9,1730,0,211.37
3467,693,1257.01,19.44,6,1708,0,262.85
3468,693,671.68,316.42,11,1764,5,233.58
3469,693,328.35,376.88,15,1691,6,216.42
3470,694,585.45,956.39,4,1794,7,229.27
3471,694,272.15,479.89,13,1745,3,213.61
3472,694,867.99,763.42,1,1702,6,243.4
3473,694,203.85,141.28,19,1694,3,210.19
3474,694,210.24,670.62,10,1781,0,210.51
3475,695,610.37,918.69,21,1754,1,230.52
3476,695,579.5,934.75,4,1761,2,228.98
3477,695,193.36,487.2,17,1737,4,209.67
3478,695,594.61,10.0,6,1772,7,229.73
3479,695,676.21,524.18,17,1695,0,233.81
3480,696,833.96,555.53,5,1665,1,241.7
3481,696,703.66,54.74,11,1810,0,235.18
3482,696,339.57,424.61,23,1719,6,216.98
3483,696,733.63,282.43,6,1699,1,236.68
3484,696,678.73,383.59,11,1731,7,233.94
3485,697,724.01,355.29,11,1730,7,236.2
3486,697,673.79,871.51,1,1729,0,233.69
3487,697,425.02,659.63,6,1796,2,221.25
3488,697,147.92,537.65,1,1782,7,207.4
3489,697,335.76,756.16,13,1766,0,216.79
3490,698,310.0,253.26,11,1771,3,215.5
3491,698,429.93,975.38,16,1692,2,221.5
3492,698,733.96,444.74,4,1789,4,236.7
3493,698,351.81,802.54,5,1709,1,217.59
3494,698,739.36,10.0,3,1720,3,236.97
3495,699,792.86,418.4,10,1767,4,239.64
3496,699,569.05,298.16,1,1716,6,228.45
3497,699,417.39,364.21,13,1760,3,220.87
3498,699,315.99,881.87,20,1713,2,215.8
3499,699,399.14,576.87,20,1726,3,219.96
3500,700,545.54,758.46,3,1798,5,227.28
3501,700,445.2,1007.08,2,1801,5,222.26
3502,700,740.34,1183.88,3,1699,7,237.02
3503,700,1140.72,232.97,16,1717,1,257.04
3504,700,556.01,559.82,5,1701,5,227.8
3505,701,717.5,657.37,1,1770,5,235.87
3506,701,919.97,1011.05,14,1847,7,246.0
3507,701,126.39,734.71,14,1771,3,206.32
3508,701,530.47,488.82,24,1818,3,226.52
3509,701,522.81,140.4,6,1754,6,226.14
3510,702,744.99,246.08,1,1742,2,237.25
3511,702,1019.35,408.37,13,1750,7,250.97
3512,702,260.08,1031.89,10,1773,1,213.0
3513,702,392.93,10.0,17,1787,3,219.65
3514,702,580.16,303.51,16,1704,2,229.01
3515,703,135.32,173.0,15,1786,4,206.77
3516,703,637.68,545.99,7,1819,4,231.88
3517,703,336.41,549.06,1,1736,1,216.82
3518,703,942.12,10.0,7,1784,3,247.11
3519,703,705.1,489.6,18,1747,4,235.26
3520,704,702.91,567.67,17,1823,3,235.15
3521,704,96.26,309.62,14,1780,4,204.81
3522,704,1005.25,10.0,7,1714,1,250.26
3523,704,913.22,493.21,24,1782,2,245.66
3524,704,409.85,304.01,23,1727,7,220.49
3525,705,552.69,10.0,4,1743,2,227.63
3526,705,1168.45,434.99,7,1791,1,258.42
3527,705,877.66,621.79,12,1722,2,243.88
3528,705,38.86,498.63,14,1749,4,201.94
3529,705,390.68,618.28,1,1838,2,219.53
3530,706,475.7,10.0,5,1765,6,223.79
3531,706,561.77,920.9,12,1756,1,228.09
3532,706,10.0,527.84,10,1832,4,200.5
3533,706,643.58,10.0,11,1767,4,232.18
3534,706,236.56,10.0,13,1798,7,211.83
3535,707,983.41,660.55,8,1779,4,249.17
3536,707,299.77,353.74,10,1691,0,214.99
3537,707,595.15,92.13,12,1732,6,229.76
3538,707,762.65,463.44,11,1863,6,238.13
3539,707,563.34,387.01,1,1697,3,228.17
3540,708,431.73,304.73,27,1742,2,221.59
3541,708,433.73,1068.81,7,1827,7,221.69
3542,708,393.89,536.69,27,1707,7,219.69
3543,708,229.45,542.94,8,1778,7,211.47
3544,708,55.87,66.46,16,1795,5,202.79
3545,709,717.93,720.75,7,1824,0,235.9
3546,709,237.4,529.12,22,1762,5,211.87
3547,709,629.43,10.0,23,1766,3,231.47
3548,709,697.59,330.06,15,1739,6,234.88
3549,709,523.03,601.9,1,1726,2,226.15
3550,710,897.58,523.05,12,1732,0,244.88
3551,710,802.5,512.79,8,1763,7,240.12
3552,710,526.96,496.81,16,1742,7,226.35
3553,710,458.91,770.32,12,1815,3,222.95
3554,710,10.0,10.0,1,1771,1,200.5
3555,711,784.07,479.36,9,1792,4,239.2
3556,711,618.6,769.9,2,1846,2,230.93
3557,711,874.01,99.92,7,1775,3,243.7
3558,711,390.16,549.78,21,1685,4,219.51
3559,711,813.26,854.94,10,1834,2,240.66
3560,712,617.61,312.07,3,1798,1,230.88
3561,712,342.19,1044.55,8,1766,4,217.11
3562,712,647.53,315.93,1,1810,5,232.38
3563,712,424.31,844.4,13,1805,6,221.22
3564,712,324.97,552.46,5,1767,7,216.25
3565,713,461.67,931.6,7,1778,4,223.08
3566,713,401.66,293.31,17,1776,6,220.08
3567,713,791.21,244.54,8,1851,4,239.56
3568,713,260.68,1009.42,20,1776,3,213.03
3569,713,769.32,275.66,15,1692,3,238.47
3570,714,720.63,10.0,16,1682,0,236.03
3571,714,678.66,398.06,17,1819,7,233.93
3572,714,59.4,474.91,13,1719,7,202.97
3573,714,707.63,605.14,17,1864,3,235.38
3574,714,469.99,390.4,11,1842,0,223.5
3575,715,459.22,709.26,6,1800,3,222.96
3576,715,448.96,123.19,19,1741,7,222.45
3577,715,291.9,149.22,1,1748,1,214.6
3578,715,438.56,1014.19,16,1811,4,221.93
3579,715,458.93,611.28,1,1785,2,222.95
3580,716,598.75,1178.58,8,1792,1,229.94
3581,716,91.91,207.84,1,1799,6,204.6
3582,716,717.84,1256.58,7,1771,5,235.89
3583,716,563.5,1056.64,12,1766,1,228.17
3584,716,10.0,85.33,14,1847,3,200.5
3585,717,969.59,132.98,2,1763,7,248.48
3586,717,585.04,839.33,3,1754,6,229.25
3587,717,448.91,590.24,9,1851,5,222.45
3588,717,323.48,968.46,8,1810,6,216.17
3589,717,415.53,522.73,18,1732,4,220.78
3590,718,320.08,440.63,4,1829,1,216.0
3591,718,248.47,956.68,1,1839,2,212.42
3592,718,1278.02,297.49,13,1781,0,263.9
3593,718,739.79,450.98,14,1823,2,236.99
3594,718,529.67,1104.89,1,1798,4,226.48
3595,719,200.98,666.55,9,1813,1,210.05
3596,719,294.74,223.09,1,1826,3,214.74
3597,719,847.91,10.0,9,1846,2,242.4
3598,719,755.73,433.61,15,1851,5,237.79
3599,719,632.18,202.77,11,1820,0,231.61
3600,720,61.39,497.92,7,1806,6,203.07
3601,720,158.76,406.89,11,1759,3,207.94
3602,720,647.47,701.7,1,1779,3,232.37
3603,720,97.9,375.82,7,1846,6,204.9
3604,720,43.45,778.18,1,1842,0,202.17
3605,721,227.69,1191.37,16,1800,5,211.38
3606,721,398.32,556.62,7,1851,6,219.92
3607,721,509.27,1247.71,15,1812,2,225.46
3608,721,267.09,825.84,3,1790,5,213.35
3609,721,717.68,166.49,13,1720,4,235.88
3610,722,724.16,100.02,1,1800,7,236.21
3611,722,361.44,935.66,20,1840,4,218.07
3612,722,449.86,10.0,1,1797,7,222.49
3613,722,447.88,10.0,10,1733,3,222.39
3614,722,228.68,58.68,19,1783,7,211.43
3615,723,955.9,750.83,11,1788,6,247.8
3616,723,632.52,923.88,8,1849,4,231.63
3617,723,427.72,388.19,1,1843,5,221.39
3618,723,838.18,213.09,15,1804,3,241.91
3619,723,264.26,149.22,9,1773,7,213.21
3620,724,447.23,294.37,17,1785,0,222.36
3621,724,1018.41,1145.57,17,1784,6,250.92
3622,724,499.19,292.63,10,1829,1,224.96
3623,724,838.17,641.52,5,1796,7,241.91
3624,724,637.35,1179.77,13,1820,5,231.87
3625,725,628.75,10.0,6,1806,3,231.44
3626,725,409.2,165.05,17,1825,1,220.46
3627,725,859.21,579.21,7,1878,3,242.96
3628,725,1049.71,432.25,17,1760,5,252.49
3629,725,259.86,717.81,6,1775,5,212.99
3630,726,1041.88,798.51,27,1845,0,252.09
3631,726,457.32,1004.55,2,1808,1,222.87
3632,726,427.33,478.21,6,1853,4,221.37
3633,726,447.4,1258.5,9,1785,3,222.37
3634,726,467.5,1083.59,7,1842,0,223.37
3635,727,10.0,101.33,12,1811,1,200.5
3636,727,179.42,1378.85,14,1784,6,208.97
3637,727,38.52,10.0,3,1862,3,201.93
3638,727,699.01,507.51,1,1792,6,234.95
3639,727,10.0,215.48,12,1781,3,200.5
3640,728,255.42,61.69,20,1802,0,212.77
3641,728,752.5,591.49,14,1778,6,237.62
3642,728,159.37,756.99,1,1844,1,207.97
3643,728,518.21,663.52,1,1889,6,225.91
3644,728,339.17,466.65,1,1866,6,216.96
3645,729,164.12,964.81,3,1786,7,208.21
3646,729,317.26,10.0,3,1879,7,215.86
3647,729,297.12,10.0,1,1784,3,214.86
3648,729,417.93,264.12,7,1843,7,220.9
3649,729,200.89,806.9,9,1785,4,210.04
3650,730,527.03,10.0,10,1783,5,226.35
3651,730,404.99,1037.74,1,1848,2,220.25
3652,730,694.47,569.68,10,1741,3,234.72
3653,730,797.09,599.61,6,1815,7,239.85
3654,730,236.67,501.81,6,1954,3,211.83
3655,731,685.24,970.5,15,1837,1,234.26
3656,731,247.04,607.54,16,1773,0,212.35
3657,731,769.42,582.9,7,1769,7,238.47
3658,731,207.84,425.21,19,1799,2,210.39
3659,731,703.51,422.12,1,1844,0,235.18
3660,732,86.09,305.8,14,1843,5,204.3
3661,732,10.0,683.02,11,1783,5,200.5
3662,732,748.77,708.22,3,1805,7,237.44
3663,732,441.08,801.1,9,1876,2,222.05
3664,732,942.66,48.03,20,1849,4,247.13
3665,733,450.84,624.87,12,1836,2,222.54
3666,733,327.19,1266.9,7,1869,4,216.36
3667,733,483.53,808.86,21,1885,2,224.18
3668,733,278.27,578.59,22,1800,4,213.91
3669,733,328.7,320.01,2,1799,1,216.43
3670,734,651.91,157.56,8,1898,7,232.6
3671,734,681.19,167.46,10,1828,0,234.06
3672,734,347.06,559.94,27,1888,2,217.35
3673,734,633.54,301.24,15,1792,2,231.68
3674,734,432.21,673.68,10,1845,7,221.61
3675,735,742.61,745.62,17,1819,1,237.13
3676,735,514.17,420.13,4,1852,2,225.71
3677,735,933.1,802.04,23,1864,1,246.65
3678,735,752.17,571.87,2,1852,1,237.61
3679,735,604.8,10.0,17,1798,5,230.24
3680,736,841.85,691.61,9,1863,6,242.09
3681,736,282.75,504.1,2,1791,7,214.14
3682,736,468.5,198.69,13,1940,0,223.42
3683,736,1030.99,569.03,18,1810,2,251.55
3684,736,1174.21,226.22,28,1870,1,258.71
3685,737,429.59,878.05,20,1813,1,221.48
3686,737,572.67,10.0,4,1834,3,228.63
3687,737,562.84,1075.49,15,1832,5,228.14
3688,737,305.5,413.78,9,1877,0,215.27
3689,737,879.25,479.61,1,1849,3,243.96
3690,738,546.03,10.0,5,1824,7,227.3
3691,738,275.14,10.0,1,1853,5,213.76
3692,738,516.7,653.34,1,1843,4,225.84
3693,738,298.03,389.46,23,1854,7,214.9
3694,738,547.11,528.49,1,1879,3,227.36
3695,739,891.71,10.0,2,1903,4,244.59
3696,739,99.08,733.11,20,1839,1,204.95
3697,739,735.03,10.0,26,1944,2,236.75
3698,739,816.74,370.37,22,1865,5,240.84
3699,739,677.08,1089.88,1,1834,7,233.85
3700,740,379.61,717.93,7,1854,3,218.98
3701,740,724.57,762.74,1,1875,5,236.23
3702,740,394.31,525.18,11,1900,1,219.72
3703,740,878.09,584.87,6,1839,0,243.9
3704,740,725.08,457.08,1,1856,4,236.25
3705,741,839.7,103.12,19,1801,5,241.98
3706,741,760.45,209.64,14,1823,0,238.02
3707,741,466.37,1554.66,12,1925,1,223.32
3708,741,456.92,696.89,9,1821,5,222.85
3709,741,235.8,749.75,14,1890,1,211.79
3710,742,606.81,844.66,32,1868,6,230.34
3711,742,350.56,296.23,15,1790,3,217.53
3712,742,444.56,10.0,1,1789,0,222.23
3713,742,551.82,423.66,12,1827,7,227.59
3714,742,343.43,44.38,13,1792,1,217.17
3715,743,660.19,795.87,8,1847,0,233.01
3716,743,407.58,979.35,10,1874,5,220.38
3717,743,749.7,73.86,17,1901,3,237.48
3718,743,815.99,862.51,21,1908,4,240.8
3719,743,340.04,468.43,7,1864,1,217.0
3720,744,247.61,881.34,3,1947,1,212.38
3721,744,1304.39,527.09,7,1868,7,265.22
3722,744,298.73,1066.36,14,1823,6,214.94
3723,744,482.17,1174.34,18,1874,6,224.11
3724,744,841.33,10.0,1,1827,0,242.07
3725,745,80.72,969.4,18,1896,3,204.04
3726,745,837.94,556.22,5,1824,3,241.9
3727,745,613.92,10.0,12,1917,1,230.7
3728,745,27.23,62.28,6,1899,4,201.36
3729,745,927.95,810.72,13,1904,5,246.4
3730,746,201.2,10.0,23,1864,4,210.06
3731,746,341.85,1497.75,17,1812,2,217.09
3732,746,626.79,276.03,16,1829,2,231.34
3733,746,616.47,151.82,1,1906,6,230.82
3734,746,368.83,214.89,17,1854,2,218.44
3735,747,1262.53,10.0,10,1913,4,263.13
3736,747,670.47,505.66,5,1900,4,233.52
3737,747,163.26,10.0,23,1864,1,208.16
3738,747,10.0,757.2,17,1888,1,200.5
3739,747,268.54,178.79,10,1917,4,213.43
3740,748,436.65,228.36,9,1914,5,221.83
3741,748,829.38,399.1,9,1878,1,241.47
3742,748,455.31,185.27,15,1846,4,222.77
3743,748,10.0,910.95,8,1934,7,200.5
3744,748,852.94,693.88,1,1806,7,242.65
3745,749,399.94,613.89,16,1848,5,220.0
3746,749,574.47,489.24,1,1806,7,228.72
3747,749,755.62,635.69,11,1859,4,237.78
3748,749,10.0,115.8,10,1928,7,200.5
3749,749,575.97,601.32,21,1871,0,228.8
3750,750,756.8,314.87,15,1833,6,237.84
3751,750,990.46,10.0,15,1889,0,249.52
3752,750,705.82,630.16,1,1823,0,235.29
3753,750,348.12,883.77,4,1983,5,217.41
3754,750,686.38,148.75,13,1907,2,234.32
3755,751,748.0,770.98,24,1879,0,237.4
3756,751,66.98,484.44,4,1921,7,203.35
3757,751,276.35,471.24,8,1892,5,213.82
3758,751,634.18,262.07,16,1879,0,231.71
3759,751,10.0,1215.06,10,1845,4,200.5
3760,752,392.41,819.29,5,1894,4,219.62
3761,752,192.61,189.56,18,1956,1,209.63
3762,752,374.6,883.83,1,1840,0,218.73
3763,752,333.89,129.79,18,1887,4,216.69
3764,752,302.6,418.68,23,1906,2,215.13
3765,753,364.78,1073.6,11,1843,2,218.24
3766,753,455.82,384.21,10,1905,4,222.79
3767,753,614.6,1091.24,23,1901,6,230.73
3768,753,10.0,255.09,1,1835,4,200.5
3769,753,440.7,1030.49,20,1880,4,222.04
3770,754,618.88,799.25,16,1900,2,230.94
3771,754,903.55,41.81,10,1801,2,245.18
3772,754,876.49,860.64,1,1938,4,243.82
3773,754,729.7,1363.36,7,1908,6,236.49
3774,754,621.17,10.0,1,1878,4,231.06
3775,755,195.84,1039.15,19,1933,7,209.79
3776,755,801.53,656.91,15,1924,7,240.08
3777,755,562.18,10.0,2,1858,7,228.11
3778,755,794.55,31.83,32,1933,6,239.73
3779,755,855.71,336.82,3,1834,7,242.79
3780,756,10.0,373.65,14,1874,0,200.5
3781,756,346.75,346.62,8,1849,0,217.34
3782,756,247.43,359.36,7,1855,1,212.37
3783,756,303.52,581.77,11,1902,7,215.18
3784,756,578.17,1046.41,1,1899,5,228.91
3785,757,426.05,522.06,1,1851,3,221.3
3786,757,609.82,10.0,12,1908,0,230.49
3787,757,10.0,1338.39,9,1838,4,200.5
3788,757,666.19,635.05,12,1889,1,233.31
3789,757,530.98,944.44,9,1912,0,226.55
3790,758,604.47,211.85,22,1865,7,230.22
3791,758,315.17,1270.19,1,1866,3,215.76
3792,758,129.99,470.67,10,2007,4,206.5
3793,758,339.75,10.0,11,1889,3,216.99
3794,758,210.95,10.0,4,1910,2,210.55
3795,759,701.19,695.79,8,1977,1,235.06
3796,759,716.38,213.12,1,1873,0,235.82
3797,759,555.98,945.09,1,1884,3,227.8
3798,759,286.34,10.0,10,1908,7,214.32
3799,759,439.6,10.0,18,1912,7,221.98
3800,760,400.87,528.82,18,1861,7,220.04
3801,760,449.71,116.06,16,1872,7,222.49
3802,760,541.69,667.07,13,1901,4,227.08
3803,760,969.51,254.46,10,1870,1,248.48
3804,760,556.26,875.34,26,1905,5,227.81
3805,761,531.34,441.89,11,1885,0,226.57
3806,761,10.0,844.07,4,1838,3,200.5
3807,761,835.36,239.8,9,1843,2,241.77
3808,761,586.6,1243.17,1,1917,5,229.33
3809,761,218.92,840.78,6,1843,7,210.95
3810,762,76.32,1444.35,19,1901,4,203.82
3811,762,526.76,1092.35,17,1897,0,226.34
3812,762,360.91,679.41,22,1877,2,218.05
3813,762,291.16,448.33,1,1878,5,214.56
3814,762,849.6,1016.92,6,1934,0,242.48
3815,763,506.77,447.15,1,1964,4,225.34
3816,763,927.17,380.83,29,1868,2,246.36
3817,763,975.76,492.49,16,1852,7,248.79
3818,763,526.29,688.84,6,1833,4,226.31
3819,763,474.58,106.1,11,1916,7,223.73
3820,764,544.24,516.0,5,1894,4,227.21
3821,764,118.45,606.68,1,1910,5,205.92
3822,764,726.83,287.25,8,1908,3,236.34
3823,764,528.74,323.22,7,1930,0,226.44
3824,764,637.0,1065.5,8,1966,0,231.85
3825,765,601.29,1318.92,23,2004,3,230.06
3826,765,520.53,121.57,16,1993,6,226.03
3827,765,410.69,434.82,17,1992,5,220.53
3828,765,105.31,444.0,23,1943,6,205.27
3829,765,479.18,1213.27,21,1856,2,223.96
3830,766,323.39,163.55,4,1958,0,216.17
3831,766,753.37,877.08,23,1887,0,237.67
3832,766,412.97,1000.41,9,1933,1,220.65
3833,766,457.76,302.4,1,1915,1,222.89
3834,766,717.2,453.12,20,1892,5,235.86
3835,767,207.08,10.0,1,1874,0,210.35
3836,767,496.22,273.65,21,1909,2,224.81
3837,767,63.67,821.11,7,1949,5,203.18
3838,767,145.54,413.05,7,1903,3,207.28
3839,767,429.63,220.59,7,1928,4,221.48
3840,768,757.66,584.76,1,1962,6,237.88
3841,768,298.29,10.0,14,1870,3,214.91
3842,768,575.7,635.66,1,1896,3,228.78
3843,768,704.49,342.41,2,1984,5,235.22
3844,768,760.62,1680.75,2,1900,0,238.03
3845,769,237.54,110.1,13,1853,3,211.88
3846,769,23.45,703.8,4,1882,4,201.17
3847,769,742.06,950.99,20,1958,6,237.1
3848,769,472.64,786.58,17,1874,4,223.63
3849,769,60.67,853.58,3,1874,1,203.03
3850,770,568.38,10.0,13,1867,6,228.42
3851,770,640.82,650.11,12,1872,1,232.04
3852,770,188.77,446.12,30,1851,6,209.44
3853,770,1141.32,724.68,10,1919,5,257.07
3854,770,547.52,1021.55,15,1912,7,227.38
3855,771,338.37,145.9,7,1959,5,216.92
3856,771,147.4,630.28,18,1975,2,207.37
3857,771,645.41,78.85,15,1963,6,232.27
3858,771,376.18,993.15,26,1961,2,218.81
3859,771,674.63,730.68,6,1915,0,233.73
3860,772,908.73,254.96,6,1987,4,245.44
3861,772,453.41,527.0,10,1917,4,222.67
3862,772,967.59,407.38,1,1957,1,248.38
3863,772,803.39,821.36,27,1942,4,240.17
3864,772,142.59,732.09,22,1997,7,207.13
3865,773,356.05,1061.9,9,1915,3,217.8
3866,773,231.97,466.86,24,1978,2,211.6
3867,773,994.69,583.33,6,1899,7,249.73
3868,773,357.67,10.0,8,1927,4,217.88
3869,773,764.09,416.56,23,1873,2,238.2
3870,774,762.79,815.55,14,1923,5,238.14
3871,774,726.29,538.96,18,2006,1,236.31
3872,774,366.34,1112.0,21,1975,1,218.32
3873,774,150.33,295.44,12,1959,3,207.52
3874,774,451.49,609.96,8,1939,2,222.57
3875,775,449.07,90.07,5,1931,2,222.45
3876,775,461.97,1360.29,3,1908,2,223.1
3877,775,220.71,305.66,13,1849,3,211.04
3878,775,712.88,10.0,1,1953,6,235.64
3879,775,692.93,587.87,3,1933,1,234.65
3880,776,923.88,202.05,10,1927,6,246.19
3881,776,157.82,988.56,4,2002,4,207.89
3882,776,104.87,168.91,13,1951,2,205.24
3883,776,398.88,452.21,8,1952,3,219.94
3884,776,892.64,46.03,18,1902,1,244.63
3885,777,31.58,234.82,12,1917,7,201.58
3886,777,431.5,10.0,11,1975,2,221.58
3887,777,657.65,719.9,5,1995,3,232.88
3888,777,240.05,762.74,1,1964,7,212.0
3889,777,422.38,297.01,21,2034,5,221.12
3890,778,267.04,798.56,12,1883,7,213.35
3891,778,398.6,10.0,12,1960,7,219.93
3892,778,526.33,34.61,18,1995,0,226.32
3893,778,423.53,284.87,8,2043,0,221.18
3894,778,736.29,156.18,15,1944,7,236.81
3895,779,1065.74,10.0,1,1918,1,253.29
3896,779,655.93,10.0,16,1933,3,232.8
3897,779,515.55,316.79,31,1972,3,225.78
3898,779,80.19,10.0,10,1954,2,204.01
3899,779,177.39,10.0,1,1951,7,208.87
3900,780,10.0,505.25,6,2018,6,200.5
3901,780,10.0,749.53,27,1984,6,200.5
3902,780,609.17,502.97,16,1881,5,230.46
3903,780,706.55,10.0,11,1945,4,235.33
3904,780,662.26,10.0,3,1951,2,233.11
3905,781,751.35,274.01,1,1907,3,237.57
3906,781,390.61,305.33,1,1931,2,219.53
3907,781,185.8,345.89,3,1882,0,209.29
3908,781,508.68,742.29,1,1958,2,225.43
3909,781,942.39,904.72,2,1963,1,247.12
3910,782,601.44,10.0,1,1936,6,230.07
3911,782,400.72,1049.69,2,1872,5,220.04
3912,782,270.47,268.38,1,1901,2,213.52
3913,782,334.49,236.91,5,1976,2,216.72
3914,782,10.0,155.74,14,1977,6,200.5
3915,783,895.74,704.1,1,2003,2,244.79
3916,783,19.98,143.01,19,1912,5,201.0
3917,783,264.5,22.63,11,1928,1,213.22
3918,783,726.65,34.18,12,2004,6,236.33
3919,783,820.86,369.27,6,1948,0,241.04
3920,784,324.92,426.53,1,1977,0,216.25
3921,784,1329.05,459.82,12,1944,0,266.45
3922,784,156.53,301.24,7,2017,2,207.83
3923,784,377.71,810.81,14,2013,5,218.89
3924,784,311.31,712.96,2,1962,3,215.57
3925,785,319.1,10.0,14,2001,4,215.95
3926,785,567.39,790.61,17,1942,1,228.37
3927,785,500.84,444.35,12,2042,3,225.04
3928,785,483.85,10.0,25,1998,0,224.19
3929,785,326.53,275.93,11,1980,5,216.33
3930,786,452.47,373.24,4,1992,1,222.62
3931,786,531.81,967.74,22,2025,4,226.59
3932,786,250.31,1677.83,1,2002,1,212.52
3933,786,488.38,44.51,1,1964,6,224.42
3934,786,363.53,695.26,5,1977,5,218.18
3935,787,453.68,507.73,5,1846,5,222.68
3936,787,10.0,1113.57,13,1998,3,200.5
3937,787,563.0,347.8,22,1955,0,228.15
3938,787,198.96,1169.61,8,1954,4,209.95
3939,787,14.99,788.49,11,1960,3,200.75
3940,788,436.87,499.83,11,1930,3,221.84
3941,788,940.71,152.38,22,1897,0,247.04
3942,788,451.15,373.38,16,1988,2,222.56
3943,788,354.32,873.24,8,1952,3,217.72
3944,788,403.38,1099.0,2,1970,1,220.17
3945,789,646.25,893.56,15,2030,0,232.31
3946,789,596.28,680.24,14,1877,7,229.81
3947,789,906.36,1266.09,12,1983,0,245.32
3948,789,124.78,967.43,3,2007,4,206.24
3949,789,164.24,1083.62,10,1963,4,208.21
3950,790,457.66,1005.91,14,1946,6,222.88
3951,790,657.11,119.67,7,1987,2,232.86
3952,790,365.52,160.26,1,1891,5,218.28
3953,790,395.71,401.72,18,1986,1,219.79
3954,790,739.53,10.0,16,1966,7,236.98
3955,791,998.76,748.21,8,1889,5,249.94
3956,791,552.07,1259.32,8,1941,1,227.6
3957,791,504.56,844.81,14,2002,7,225.23
3958,791,10.0,836.15,7,1993,4,200.5
3959,791,320.33,1061.0,7,2026,7,216.02
3960,792,307.25,10.0,7,1924,3,215.36
3961,792,653.39,18.06,2,1955,5,232.67
3962,792,10.0,477.83,11,1990,4,200.5
3963,792,682.67,865.4,6,1975,6,234.13
3964,792,10.0,1014.15,5,1945,3,200.5
3965,793,690.2,10.0,20,1970,2,234.51
3966,793,572.38,660.87,9,1968,4,228.62
3967,793,10.0,898.43,11,1962,7,200.5
3968,793,657.46,354.07,14,2023,4,232.87
3969,793,98.47,861.26,4,1962,4,204.92
3970,794,343.79,852.19,1,1985,6,217.19
3971,794,1091.89,979.24,6,2010,0,254.59
3972,794,663.32,440.08,16,2018,3,233.17
3973,794,533.01,522.54,15,1936,4,226.65
3974,794,909.76,10.0,1,1938,0,245.49
3975,795,732.73,561.04,20,2025,0,236.64
3976,795,372.68,342.36,19,1988,5,218.63
3977,795,48.32,531.69,7,2020,2,202.42
3978,795,606.46,296.93,14,1955,6,230.32
3979,795,10.0,1097.81,7,1989,0,200.5
3980,796,387.79,739.64,7,1993,1,219.39
3981,796,269.3,436.94,4,2070,6,213.46
3982,796,623.97,10.0,8,1917,7,231.2
3983,796,837.14,602.61,3,1969,5,241.86
3984,796,904.47,1097.62,15,1898,0,245.22
3985,797,529.8,586.15,14,2051,7,226.49
3986,797,670.94,619.37,19,1940,5,233.55
3987,797,778.58,461.41,14,2013,6,238.93
3988,797,526.14,1330.62,23,1988,1,226.31
3989,797,552.27,649.32,3,1964,3,227.61
3990,798,818.34,10.0,5,1995,3,240.92
3991,798,313.0,705.03,1,2005,0,215.65
3992,798,904.6,961.67,19,2050,2,245.23
3993,798,44.24,537.7,11,1973,1,202.21
3994,798,221.36,727.23,8,1959,6,211.07
3995,799,933.56,884.84,17,1983,4,246.68
3996,799,759.51,744.49,7,1968,1,237.98
3997,799,633.12,236.39,25,2020,1,231.66
3998,799,322.59,218.28,1,2086,0,216.13
3999,799,853.02,800.93,14,1911,4,242.65
